wife_age,wife_education,husband_education,children,wife_religion,wife_working,husband_ocupation,living,media_exposure,target
0.32120192252657676,0.2006828640936908,0.5372724820569907,0.17313388921080175,0.0,1.0,0.31283376824210385,0.4032991745757903,0.0,0
-0.31439355525840346,0.8584524989119449,0.9735140445699627,0.13072341166369833,0.0,0.0,-0.5259900838262869,1.0324421420134962,0.0,0
0.27708014317641266,0.3368901693489761,0.696257034175372,0.1959565650811409,0.0,1.0,0.2357387342696063,0.5694767734299758,0.0,0
0.05805000498241561,0.6930687876236711,1.0306687253793287,0.21819547210659856,0.0,1.0,-0.08030830564571555,0.961498868380799,0.0,0
0.07162863355430124,0.6997830783733623,1.0508665165482383,0.22501107297301354,0.0,1.0,-0.06671476380460098,0.976154131916474,0.0,0
0.2957104649975127,0.33689631240617357,0.7108836280548282,0.20268801861832458,0.0,1.0,0.2563076288190924,0.577128984283303,0.0,0
-0.10394642515087898,0.27611765345362077,0.3109116724188905,0.04102688554344975,0.0,0.0,-0.1722995089863556,0.33092241334414374,0.0,0
0.11509497709198567,0.563968693106737,0.8919261840620166,0.20206345161862285,0.0,1.0,0.009574722246861043,0.8102392096668583,0.0,0
0.05137369845511818,0.17833574250771175,0.29379386952122677,0.06930634461775245,0.0,0.0,0.01956618978320757,0.2623560704015859,0.0,0
-0.004568144243441036,0.31190291436032125,0.439751415868821,0.08710803649378228,0.0,0.0,-0.07002957422259076,0.420112028976082,0.0,0
-0.2258699283221313,0.6513356591153113,0.748578292875292,0.1037610019839844,0.0,0.0,-0.3850957454641395,0.7885458999080648,0.0,0
0.23404436347323196,0.28242083297500137,0.5850678052081821,0.16491071155927478,0.0,1.0,0.1995707495687479,0.47812566312821697,0.0,0
0.2330763323308533,0.3984897243893815,0.7492874318354523,0.1975907398187589,0.0,1.0,0.17431866988103661,0.6347628735586105,0.0,0
0.12946462826091035,0.5553957142649901,0.8910154599922915,0.20481449267265434,0.0,1.0,0.027226792829183957,0.8045362474820701,0.0,0
0.22655714888366763,0.5815986332216975,1.004441487384888,0.2473431285324618,0.0,1.0,0.12896947188990177,0.8798236851746175,0.0,0
-0.04452056105032644,0.4597175860629018,0.6185059598365963,0.11473988924344575,0.0,0.0,-0.14493954223542807,0.6037043746133129,0.0,0
0.3558810075573725,0.11950003265207006,0.4490901736684075,0.16255859724946878,0.0,1.0,0.368038410868012,0.3076921783771319,0.0,0
0.1415234385576615,-0.08671175294558797,-0.012208048197412107,0.0264460085301937,0.0,0.0,0.1743259597556606,-0.05924975987972062,0.0,0
0.11053924754365353,0.6591386009065959,1.0236251960616085,0.22750029977820715,0.0,1.0,-0.01528426193154583,0.9371293144742161,0.0,0
0.1103614715988155,0.6554328887402076,1.0182184456727623,0.22638154912687594,0.0,1.0,-0.014708453796126465,0.9320427634310654,0.0,0
0.25138860071599217,0.2774713567115645,0.5916414336786608,0.16976738174309153,0.0,1.0,0.2197521641347139,0.47854554021978574,0.0,0
0.2608844798346121,0.4745345288346668,0.8791957985516362,0.2292757456181315,0.0,1.0,0.1891781647844433,0.7490565256313968,0.0,0
-0.2518513259553081,0.6847306358917509,0.7756598632862354,0.10387911962765416,0.0,0.0,-0.42074034465039606,0.8230673422889,0.0,0
0.12988707330852584,0.558812378866979,0.8962033351395468,0.20593936927905251,0.0,1.0,0.026981353385933587,0.809332120300172,0.0,0
0.3110913517802017,0.23028702482482102,0.5714185108407321,0.1779061666904901,0.0,1.0,0.29550234689990057,0.4392035625456446,0.0,0
0.1532948954484845,0.5203114845775267,0.8598449662265829,0.20343862629893456,0.0,1.0,0.06084823874576461,0.76684675040437,0.0,0
0.22207693397934028,0.5850621330206087,1.0058491719621436,0.24671037825787562,0.0,1.0,0.12330113258460415,0.8826713938258934,0.0,0
0.11076580459610426,0.6627886986929242,1.0289911717193738,0.22862084512563902,0.0,1.0,-0.015794622304069292,0.942160637100902,0.0,0
-0.05762794409236109,0.45049837532204023,0.5951174524356452,0.10738168858648209,0.0,0.0,-0.15749086429349798,0.585853450544763,0.0,0
0.2511200958558267,0.2817717517150269,0.5975432961737039,0.1708941541796488,0.0,1.0,0.21855970320697096,0.48425355607817533,0.0,0
0.11033434947576896,0.6515206962886897,1.0126364133820525,0.22525846008106037,0.0,1.0,-0.01392328454750657,0.9267386689809982,0.0,0
0.15443124335356984,0.5385390371162815,0.8866450383015859,0.20903611294030783,0.0,1.0,0.05830514933730489,0.791973793675617,0.0,0
-0.26888401679976814,0.7786785187067897,0.8958321345755461,0.12446124783908036,0.0,0.0,-0.4591208218226822,0.9431849031984592,0.0,0
0.07277615696741174,0.710118739356976,1.0664579008923112,0.2283668023031098,0.0,1.0,-0.06760121804814553,0.9906084950543509,0.0,0
-0.2697298977497518,0.7719026018971102,0.8855372122367065,0.12222747454125914,0.0,0.0,-0.4586429989830105,0.9336704266156658,0.0,0
0.24613850346906885,0.45676287511655755,0.8423652482457747,0.21889187979004254,0.0,1.0,0.17659955710006395,0.7189623447814487,0.0,0
0.38199713386892387,-0.04144458171722133,0.24081652594039873,0.12619236924031535,0.0,1.0,0.430407064154687,0.10065885227811346,0.0,0
0.2589242720933082,0.25715181155589356,0.5686721285713798,0.16670711213258832,0.0,1.0,0.2323061051253454,0.4541462269190985,0.0,0
0.15512935825273802,0.5369070070532151,0.88487304708958,0.2088238617711196,0.0,1.0,0.059415992027157874,0.7900521849291642,0.0,0
0.034870128334850536,0.7885600855972476,1.1482115408399896,0.23699630325488955,0.0,1.0,-0.12579760911475646,1.0811824289912908,0.0,0
0.1990262198260974,0.3970762594809056,0.7205616933536833,0.18488881803994586,0.0,1.0,0.13701764259879878,0.6188799993155112,0.0,0
0.14880922101626812,0.6864088702254377,1.0924145585604164,0.2490845996472578,0.0,1.0,0.021288680534741204,0.9897263066259223,0.0,0
0.0647440324240114,0.6842420855007808,1.0233748563614236,0.21810169741861707,0.0,1.0,-0.07107820701027076,0.952303375105945,0.0,0
0.20653420584719337,0.6225695504457616,1.0469665914991515,0.251769462528889,0.0,1.0,0.09832527512125255,0.9270396447497193,0.0,0
0.20958678649372192,0.6294654985351679,1.059163562298713,0.25483450434400706,0.0,1.0,0.10025891224919824,0.9376219111061066,0.0,0
0.05813494282557692,0.7653103889933269,1.1334188652429098,0.23878393317726343,0.0,1.0,-0.09526624834685629,1.0592723579586139,0.0,0
0.03458575113155345,0.7857756763686461,1.1440306790291017,0.2361012207622476,0.0,1.0,-0.1255314577752643,1.0772986088649796,0.0,0
0.057107569743443304,0.7630182990530984,1.1293548062094292,0.23776056250966943,0.0,1.0,-0.09592303214878525,1.055749770521744,0.0,0
0.2540216714356517,0.36089089990207374,0.7122791241639507,0.1944571925538897,0.0,1.0,0.20527872149604362,0.5924876103343674,0.0,0
-0.10451608965643068,0.2729326106205772,0.3059375097253127,0.03991474241115249,0.0,0.0,-0.17226487698797605,0.3263795079798034,0.0,0
0.2292042061061837,0.45390940100034,0.8250222336271626,0.2119628052319425,0.0,1.0,0.15849653165328353,0.7081537301624229,0.0,0
0.2457355787964246,0.5055170373671304,0.9113477848930863,0.2326202972387141,0.0,1.0,0.16599662268554136,0.7847585430624832,0.0,0
-0.31435026442565084,0.8584176167047087,0.9734984305231482,0.13072912289556984,0.0,0.0,-0.5259350176062452,1.0324127103841765,0.0,0
-0.3060404290361266,0.7821550635151691,0.871619719292761,0.11202880756199936,0.0,0.0,-0.5008704335360459,0.9326434301159249,0.0,0
0.22975304869343155,0.3632513686817765,0.6965924431008697,0.1863625199359777,0.0,1.0,0.17799135720348408,0.5857239280499589,0.0,0
0.16903976646732818,0.6475479061179319,1.053051411424423,0.24533368544987222,0.0,1.0,0.05172248179835358,0.9454501675079541,0.0,0
0.25901639049992214,0.2569996061983566,0.568528064018525,0.16669707439156856,0.0,1.0,0.23243952759469996,0.45397809759935376,0.0,0
0.15977992347204423,0.5564786506796918,0.9163409483244029,0.21607325317395606,0.0,1.0,0.060472987369769846,0.8184395649007665,0.0,0
0.16080799084095185,0.5587703205798564,0.9204049550735771,0.21709675510334978,0.0,1.0,0.06113062526641381,0.8219618689094605,0.0,0
-0.2264573802520688,0.648164487689334,0.7436098903603453,0.1026463810042515,0.0,0.0,-0.38508364312099314,0.7840144636777612,0.0,0
-0.20371843994890432,0.5390893403927217,0.6064131555044213,0.07982071983041683,0.0,0.0,-0.3372509576393214,0.6457718401123035,0.0,0
0.17291192482101533,0.665601392797046,1.0817506600332703,0.25186987654413345,0.0,1.0,0.052236331825634454,0.9714641951050703,0.0,0
-0.16479859196948513,0.41296849044230516,0.4576838126345906,0.05798928617811124,0.0,0.0,-0.26800103693437716,0.4911063038333227,0.0,0
-0.13416968564143017,0.5967616758337629,0.7429579036372131,0.12135515309284267,0.0,0.0,-0.27247673013387436,0.7523345206083888,0.0,0
-0.17499874906924873,0.5229231737188564,0.6059689848943788,0.08559453677570801,0.0,0.0,-0.30217261193673806,0.6356834689309823,0.0,0
-0.1317775478129839,0.5846733501609025,0.7276526145263897,0.11877927622623216,0.0,0.0,-0.2673168808247947,0.7369612051162979,0.0,0
0.21624501426118822,0.5042508030464413,0.8864088650766154,0.22160728758081782,0.0,1.0,0.13369922318470212,0.7709456159744562,0.0,0
0.1138506357303854,0.5778142004848212,0.9106297064444134,0.20555398013879347,0.0,1.0,0.005316068532742752,0.8284608221270641,0.0,0
0.013435677809350908,0.8038682438906593,1.15315234652985,0.23360992122098545,0.0,1.0,-0.15265338212375373,1.093099051920066,0.0,0
-0.18187874574657253,0.4294111018876859,0.4676536196003121,0.0564986084998929,0.0,0.0,-0.29028549521584546,0.5063443147766982,0.0,0
0.05623816489334206,0.7150373401137551,1.0604729883866448,0.22379258038253935,0.0,1.0,-0.0868860054569064,0.9904776423568578,0.0,0
-0.2693043895677829,0.6858768538984449,0.7635949331124794,0.09790084630872235,0.0,0.0,-0.4402494982605772,0.8174572295893379,0.0,0
0.05731593529521034,0.6905320240656581,1.0264870235930372,0.21720842271720517,0.0,1.0,-0.08059026792153921,0.9577655923934478,0.0,0
0.05729235213714529,0.6905510328548274,1.0264955385037793,0.21720531325991393,0.0,1.0,-0.08062026716886331,0.957781634151717,0.0,0
0.17363005005011167,0.4384349874132239,0.7594220464800366,0.1874845768308581,0.0,1.0,0.10035993903163397,0.664416044060355,0.0,0
0.01251749804822206,0.8014803523836016,1.1490377921787134,0.23259873148505916,0.0,1.0,-0.15316964251934606,1.0894916519028648,0.0,0
0.014128592938083141,0.8064382965854466,1.157349074167885,0.23459157771067124,0.0,1.0,-0.1524237954371755,1.096860480705464,0.0,0
0.055520799856531314,0.712487037087164,1.0562851486615823,0.22280771217711676,0.0,1.0,-0.08714670275385203,0.9867329020736181,0.0,0
0.05547677814165765,0.7125225954802987,1.0563011503621365,0.2228019293557296,0.0,1.0,-0.08720271684303563,0.9867629486665389,0.0,0
-0.22577248914737166,0.5539456446061595,0.6102255461523407,0.07608194031526906,0.0,0.0,-0.364696699081691,0.6568229137332957,0.0,0
-0.2256811603478839,0.5577659973403493,0.6157274167020382,0.0772020874935702,0.0,0.0,-0.36539184119299956,0.6620290980253647,0.0,0
0.011777447535776345,0.798948341615255,1.1448581532407371,0.23161087418303397,0.0,1.0,-0.1534591986203572,1.0857623522669244,0.0,0
0.011776594886506394,0.7989491214693969,1.14485859270564,0.23161078810924637,0.0,1.0,-0.15346030253500553,1.085763057527297,0.0,0
0.3091114400423811,0.15493823322626146,0.4627649930550538,0.15574898442350324,0.0,1.0,0.3090153956849939,0.3364487317931969,0.0,0
-0.20871036180627375,0.5454062021048952,0.6114750810600803,0.07981510979485364,0.0,0.0,-0.3440787899082602,0.6522700296765577,0.0,0
-0.3507780296325873,0.8930539898444101,0.9941480024888708,0.12742703362744837,0.0,0.0,-0.5733723439316091,1.0643276125199164,0.0,0
-0.3531566608297807,0.8855864397692386,0.9816673615475812,0.12444277734859413,0.0,0.0,-0.5744427629422341,1.053248519344771,0.0,0
0.19347438094540972,0.3924164264373,0.7095821276353518,0.18155731689890792,0.0,1.0,0.13185861558967676,0.6102976358027172,0.0,0
-0.14723648608610015,0.4195857478468593,0.48086922727792086,0.06621619890617146,0.0,0.0,-0.24998902738916545,0.5072646817435716,0.0,0
0.267895030895383,0.3784361149017282,0.7481031375309733,0.20446141124120268,0.0,1.0,0.21694103151902727,0.6219174038778559,0.0,0
0.011075875401648148,0.796385360283617,1.1406646842439048,0.23062810287826171,0.0,1.0,-0.1536998170460681,1.0820069387072877,0.0,0
0.059120560792147815,0.7158204456708438,1.0638476938440875,0.22505661700665658,0.0,1.0,-0.08386664673517612,0.992719766400084,0.0,0
0.05730571070929186,0.6905402373871895,1.0264906754358185,0.2172070666224787,0.0,1.0,-0.08060326839300853,0.9577725094536986,0.0,0
0.014102056414098736,0.7970569663436999,1.1439937231721156,0.23191234863665386,0.0,1.0,-0.15049847060556065,1.0841572045805508,0.0,0
-0.3522237173702388,0.8879624306393217,0.9857765844546906,0.1254559135135228,0.0,0.0,-0.5739077220730904,1.0568458759489576,0.0,0
0.27871571913772086,0.1647617925534675,0.45287878533202536,0.14756483182919175,0.0,1.0,0.27340800464623094,0.33726826386763925,0.0,0
0.21717522397446576,0.3025270396308406,0.6004105776489084,0.16453880577665772,0.0,1.0,0.17675595755073212,0.49840688082076146,0.0,0
0.29510453646315893,0.1452625276429417,0.4380218398954533,0.1479359513786321,0.0,1.0,0.2955660038249739,0.317611129620948,0.0,0
0.3387260097495865,0.017172157979242184,0.29018206559977544,0.12724238823134792,0.0,1.0,0.3704174536278432,0.1622099951727658,0.0,0
0.40170441256579026,-0.0175960834191755,0.2901774169044167,0.14009765939624963,0.0,1.0,0.447197435599218,0.14101023665589535,0.0,0
0.33875411148445467,0.017118916304018232,0.29012843780397096,0.12723738825739456,0.0,1.0,0.37045957445198174,0.16214949227457023,0.0,0
0.338649657795981,0.013299017622212668,0.28461691449144166,0.1261126292736353,0.0,1.0,0.3711401304631092,0.15693853723225074,0.0,0
0.2894284134638404,0.2683749150370537,0.6085589236295275,0.18091967378114804,0.0,1.0,0.2636480790867254,0.48184607666634693,0.0,0
-0.10400658726423456,0.27618407785866994,0.31095888256252247,0.041024055970331805,0.0,0.0,-0.17237977508080554,0.330987597536478,0.0,0
0.06908569571456119,0.703505798173408,1.0541626946566267,0.22515187840630582,0.0,1.0,-0.07029811930783521,0.9801474021491124,0.0,0
0.06980200337440523,0.7104201729014079,1.0645527529442957,0.22737824776405513,0.0,1.0,-0.07094785511607615,0.9897960410798203,0.0,0
0.23393468540552284,0.2825451433859897,0.5851584423684407,0.16490646828249675,0.0,1.0,0.19942375105078278,0.4782488476104691,0.0,0
0.11258791204826449,0.5636987405370696,0.8895753640663219,0.20108102107964898,0.0,1.0,0.006862858356329852,0.8088453472557476,0.0,0
0.25153626666401485,0.2772416859106115,0.5914308446399121,0.16975536473820274,0.0,1.0,0.2199630580705128,0.478295395503009,0.0,0
0.11354229257511875,0.5782210866853977,0.9109661159436503,0.20555838695507075,0.0,1.0,0.0048908438438255986,0.8288848040511775,0.0,0
0.11269884335552352,0.5635508457625118,0.8894521876518967,0.2010790056575794,0.0,1.0,0.007016154468592762,0.8086907687119482,0.0,0
-0.26886254421154204,0.6931836013717934,0.7743273554649306,0.10013973094276936,0.0,0.0,-0.4412840262002909,0.8275241156850565,0.0,0
0.27770758127420614,0.15029640587095142,0.4315268155913302,0.14308425649884804,0.0,1.0,0.27530879677275405,0.3172838135962736,0.0,0
0.11275985128608719,0.5753296059022993,0.9062422689262893,0.20445292280129546,0.0,1.0,0.004629379601649705,0.8246517699562723,0.0,0
-0.26907234256672696,0.6974433643573584,0.7802175267491787,0.10127614688784227,0.0,0.0,-0.4424032021154654,0.8332012457081632,0.0,0
0.13028089515511015,0.5582507814852756,0.8957140896316841,0.2059218132204433,0.0,1.0,0.027533191573934846,0.8087338945923692,0.0,0
-0.09744919019419065,0.4848864219026579,0.6127514371794957,0.10278312887417031,0.0,0.0,-0.20862327283753787,0.6160400583421615,0.0,0
0.18148179134641668,0.43791504806864967,0.7648437017312868,0.19017284929896824,0.0,1.0,0.10913756111928385,0.6669341149864663,0.0,0
0.19524432243684314,0.517111079789611,0.8882106152129468,0.2176809960611539,0.0,1.0,0.10783239576684542,0.7797283674265183,0.0,0
0.17365915280739583,0.43838900794595975,0.7593795265442413,0.1874820050546926,0.0,1.0,0.10040165200823807,0.664365777215616,0.0,0
0.2344104399937041,0.2858557713072005,0.590237426159612,0.16602042669519398,0.0,1.0,0.19925926493608198,0.48292313158970374,0.0,0
0.06978352634362656,0.706520020630565,1.0589946176237548,0.2262617077986261,0.0,1.0,-0.07015564922149195,0.9845117833114889,0.0,0
0.17324273460319303,0.42315024644450894,0.7373925690072739,0.18299509348961027,0.0,1.0,0.10311691030771615,0.6435777749957796,0.0,0
0.23453091570934942,0.2896503923832074,0.5957255914566788,0.16714377996394067,0.0,1.0,0.1986016658748125,0.4881064612506082,0.0,0
0.23493836911950922,0.29306856345629007,0.6009038450364913,0.16826366993853387,0.0,1.0,0.1983393599365325,0.49289822126437577,0.0,0
0.1843327315243178,0.529788677811318,0.8976688933087921,0.2173471375177831,0.0,1.0,0.09314324244281023,0.7924034576756601,0.0,0
0.2248395696046961,0.4984060364201838,0.884844695973956,0.22304859660901147,0.0,1.0,0.14440644519317616,0.7665642803572074,0.0,1
-0.3126854162970135,0.8215609964880625,0.9224170818612764,0.12084222294275612,0.0,0.0,-0.5164176476277575,0.9832309460835413,0.0,1
0.13018890833267285,0.5662968723753365,0.9070785479902342,0.2081782600831266,0.0,1.0,0.025755202914525082,0.819582041005932,0.0,1
-0.25169904555451916,0.6884956465318111,0.781130895432993,0.1050055352517063,0.0,0.0,-0.42135665800328576,0.8282236600256268,0.0,1
-0.3123943990401721,0.8330483833427084,0.9389734796744097,0.1242163087594839,0.0,0.0,-0.5184897554350263,0.9988921077285812,0.0,1
0.13067027776766246,0.5696224599765094,0.9121832008850741,0.20929850378248382,0.0,1.0,0.025593799395606277,0.8242788682878548,0.0,1
0.277549581274453,0.15444454361997834,0.4372989662844322,0.14420761804070306,0.0,1.0,0.27427007004129716,0.3228311737636626,0.0,1
-0.10688643593908174,0.48846126947124124,0.6104279678249129,0.10039147002073097,0.0,0.0,-0.21978798553732037,0.6170045765240022,0.0,1
0.05620379392947907,0.7150652226648704,1.0604856519658328,0.22378809932381624,0.0,1.0,-0.08692976464442326,0.9905012636269892,0.0,1
0.10221393242841899,0.7477364719386441,1.1430250598461351,0.2497052826613185,0.0,1.0,-0.04293603291800018,1.05358120345588,0.0,1
-0.14708973769725014,0.4193866088236035,0.48070131586288123,0.06621253888007976,0.0,0.0,-0.24978550792681053,0.5070554682587446,0.0,1
-0.3507906203242193,0.8930643654882209,0.9941528713235523,0.12742543817198804,0.0,0.0,-0.5733884074012305,1.064336484277347,0.0,1
0.24702788588316937,0.49971645289154487,0.9041168713160612,0.23143643732138708,0.0,1.0,0.16863205597765116,0.7774409184157427,0.0,1
0.20881259117961662,0.506553397630508,0.8838500668808622,0.21957777248310523,0.0,1.0,0.12501315932290344,0.7710114163304662,0.0,1
0.21934898051793938,0.45305399822088743,0.8160736919260932,0.2081594467937145,0.0,1.0,0.1477933717460367,0.7029528856367581,0.0,1
0.3656737124763048,0.11455044130958629,0.4497384988959564,0.16468744563201204,0.0,1.0,0.37988202578568164,0.3050135552627711,0.0,1
0.05728394839029972,0.6905578790051351,1.026498675743298,0.21720422583892623,0.0,1.0,-0.08063097235562326,0.9577874485880752,0.0,1
-0.35233491278782897,0.8880523512170566,0.9858171496928377,0.12544133582600656,0.0,0.0,-0.5740492307218433,1.0569219104495577,0.0,1
0.1016641444109789,0.6067118409859277,0.942142670085762,0.2093753325058826,0.0,1.0,-0.01416021999491005,0.862557593070964,0.0,1
0.1140346864221962,0.5775812687935223,0.9104430308778014,0.2055541781983482,0.0,1.0,0.005567815130890736,0.8282211940406444,0.0,1
-0.3508005758659516,0.8930723897035608,0.9941564654721277,0.12742412544836204,0.0,0.0,-0.573401071413951,1.0643432558751134,0.0,1
0.01337547967993865,0.8039169002391832,1.1531742730750707,0.23360202238537134,0.0,1.0,-0.15272998596382517,1.0931401821992133,0.0,1
0.1483059558434094,0.47376954580505587,0.7897762572735302,0.18839207414736103,0.0,1.0,0.06503696709846206,0.7018313136672235,0.0,1
-0.30634515268274004,0.8091654520290644,0.909772922946803,0.11960507571151939,0.0,0.0,-0.5068345703812158,0.9690618719188581,0.0,1
-0.2695166338638235,0.6901299151874059,0.7694736595193031,0.09903447162248769,0.0,0.0,-0.4413699784804843,0.823124289057283,0.0,1
-0.3500008175616519,0.8955560930864485,0.9983142891452049,0.1284198037690314,0.0,0.0,-0.5730355255734031,1.068031696176115,0.0,1
-0.3499119405473983,0.8954841137827632,0.9982817138236998,0.1284314250754845,0.0,0.0,-0.5729223973071326,1.0679707780692025,0.0,1
-0.35001243849339103,0.8955655032057716,0.9983185464932081,0.12841828385426154,0.0,0.0,-0.5730503171388989,1.0680396595218349,0.0,1
0.013308087642690033,0.8039713136365784,1.1531987380947517,0.23359316322534876,0.0,1.0,-0.15281573226198114,1.0931861498135578,0.0,1
0.05883976472219364,0.6955605245725839,1.0348301227350905,0.21918982482373298,0.0,1.0,-0.0799554732685966,0.9651940752785243,0.0,1
-0.2522664711297772,0.6852931135402995,0.7761336291279347,0.10388922370182893,0.0,0.0,-0.42131590982978345,0.8236580101235008,0.0,1
0.1806045033574234,0.6303071476408946,1.0376195786130165,0.2446049377539235,0.0,1.0,0.06808353517434364,0.9268693709343286,0.0,1
0.20379276519286782,0.6158778575969933,1.0353040760553247,0.2488749365903552,0.0,1.0,0.09669261783482586,0.9168613824389267,0.0,1
0.12993337226412044,0.5626872283202028,0.90174733513258,0.20705875875233,0.0,1.0,0.02622513823738814,0.814593559998099,0.0,1
0.06876620635334012,0.699974394401315,1.0488925122509096,0.22403154048255722,0.0,1.0,-0.06991509787800752,0.9752385360258021,0.0,1
-0.31264995910172355,0.8294073321676069,0.9335976062225351,0.12308786124336113,0.0,0.0,-0.5180133028486875,0.9938611248894395,0.0,1
0.06916054749950964,0.7073605804175048,1.0597005746518824,0.2262758713033145,0.0,1.0,-0.0710186275541064,0.9853934071325339,0.0,1
0.06903991319847286,0.6996076090621444,1.0485859251178877,0.22402603372068267,0.0,1.0,-0.0695364710681994,0.9748545971575783,0.0,1
0.17297632596332407,0.5341698194791497,0.8949856568825229,0.21449168048432526,0.0,1.0,0.0796915469994432,0.7936714256097234,0.0,1
0.012584711215742677,0.8014258924639446,1.1490131206866498,0.23260751279434544,0.0,1.0,-0.1530840840224106,1.0894455479575507,0.0,1
0.13245246391305787,0.7267161265534734,1.1368729318411304,0.254646387381742,0.0,1.0,-0.0051693190522183316,1.0375485842216559,0.0,1
0.011786850079145893,0.7989408985258841,1.1448549512011437,0.23161215252170658,0.0,1.0,-0.1534472662651743,1.0857561400068094,0.0,1
0.14798096234183958,0.5007964157318677,0.8279369831594107,0.19596571046670203,0.0,1.0,0.059047015886878544,0.7382637372635982,0.0,1
0.19871166962374048,0.471063198385429,0.8254791893767058,0.20582964512953106,0.0,1.0,0.12125497020306053,0.7188509206410262,0.0,1
-0.30602721058667887,0.7821441104280474,0.871614522241912,0.11203046545523913,0.0,0.0,-0.500853556632516,0.9326340346765797,0.0,1
0.014107322982712292,0.806455470218042,1.1573567956076518,0.23458878160579938,0.0,1.0,-0.1524508582636308,1.096874988696757,0.0,1
0.014811586132343436,0.8090163599821298,1.1615494031157991,0.2355719297709365,0.0,1.0,-0.15220683284119382,1.1006286765945734,0.0,1
0.15511586918185688,0.6372454954859216,1.027482594945624,0.2373722948649321,0.0,1.0,0.03849531474892054,0.9257987271854189,0.0,1
0.013373818350261819,0.8039183021040487,1.153174962146985,0.23360182120289855,0.0,1.0,-0.15273211235898618,1.0931413972072297,0.0,1
0.08493927019039653,0.7597441125653105,1.1465384266196736,0.24688228515399693,0.0,1.0,-0.06451121489970636,1.0627391540245885,0.0,1
-0.29208608388850765,0.736358217065763,0.8174734986846514,0.10403704109516047,0.0,0.0,-0.47592122292590133,0.8764083658035083,0.0,1
0.21713071235026646,0.29864319968354114,0.5948552010461167,0.16341750350574996,0.0,1.0,0.17751601932641628,0.49313401084325725,0.0,1
0.013327041165725471,0.8039561979963478,1.1531921243284764,0.23359570822352074,0.0,1.0,-0.15279165585073062,1.0931734757478666,0.0,1
0.013347343837595881,0.8039396687071068,1.1531845597947572,0.23359833828377508,0.0,1.0,-0.15276579527523798,1.0931594426451383,0.0,1
0.012539751747146461,0.8014622213836476,1.149029481818695,0.23260161050311767,0.0,1.0,-0.15314129404863688,1.0894762522733825,0.0,1
0.05623548726789045,0.7150394297058033,1.0604738575735733,0.2237922077968042,0.0,1.0,-0.0868893972577624,0.9904793708397913,0.0,1
0.011753449796256617,0.7989677917071881,1.1448669701228524,0.23160774055073038,0.0,1.0,-0.15348974756334371,1.0857788209818227,0.0,1
-0.30707060655750995,0.8066217605784854,0.9055881341258446,0.11861916708475553,0.0,0.0,-0.5071055762924862,0.965322757911808,0.0,1
0.05697036109488716,0.7175755271083278,1.064655243443231,0.22477935809243912,0.0,1.0,-0.08660640831714993,0.9942120754912417,0.0,1
0.11949715879829215,0.7357212433495125,1.1395076272711195,0.25252921442706805,0.0,1.0,-0.021349814106212832,1.0444165006274926,0.0,1
0.2273448247512747,0.4958584431960627,0.8831892642432027,0.22322858486978125,0.0,1.0,0.14770335369011386,0.7641454263418067,0.0,1
0.15061050212759708,0.7171260819029924,1.1374890330510523,0.25847645568423094,0.0,1.0,0.016877506648709628,1.0320239423047217,0.0,1
-0.3507088649548758,0.8929981041308149,0.9941228355959482,0.12743611412966419,0.0,0.0,-0.5732843336587297,1.0642803802511316,0.0,1
-0.34998987515854496,0.89554706331596,0.9983100400290598,0.1284211868192828,0.0,0.0,-0.5730215624339189,1.0680239690241335,0.0,1
-0.35075788327334384,0.8930377269654868,0.9941406939809536,0.12742968303628388,0.0,0.0,-0.5733467114518263,1.0643138757206356,0.0,1
0.014122768324641094,0.8064429107024497,1.1573510624763201,0.23459078676331815,0.0,1.0,-0.15243118789245114,1.0968643335335961,0.0,1
0.33903291350923986,0.02069942189958153,0.2954364886526269,0.12835700186631596,0.0,1.0,0.3700213986895113,0.1671080965296807,0.0,2
0.29499577776701846,0.1454134744700502,0.43815105915744335,0.14793962012039932,0.0,1.0,0.2954144706404635,0.3177707288206287,0.0,2
0.11295390227702269,0.5711031970977571,0.9003871511294527,0.20332031013543192,0.0,1.0,0.005724219053383567,0.8190133051385079,0.0,2
0.1537596118788976,0.5315305682129644,0.8761562896488186,0.20679910529679568,0.0,1.0,0.05902381793237956,0.7822161812044557,0.0,2
0.29129958083427265,0.3036298831850754,0.6601381548153422,0.1916280829048651,0.0,1.0,0.2583686149539088,0.5303117039872298,0.0,2
0.14529034889542866,0.7251075628923757,1.1446594925766966,0.25882598125370765,0.0,1.0,0.009340438701314473,1.0406395927065861,0.0,2
0.2624658349971901,0.4285365187739317,0.8150554582053725,0.21675732239608336,0.0,1.0,0.20050798045079102,0.6874727416025734,0.0,2
-0.27083467292203023,0.7721359334455719,0.8850020304404436,0.12189480317921651,0.0,0.0,-0.4599114223461117,0.9335328284299318,0.0,2
0.29726094541032183,0.3263994225722411,0.697180002527714,0.20026099013541637,0.0,1.0,0.2602066046970886,0.5635634613793614,0.0,2
0.21828140499013376,0.5088473440992138,0.8945401510125389,0.2236509161225813,0.0,1.0,0.1349899486404729,0.7779999836722038,0.0,2
0.26183725447457545,0.42533713613112484,0.8100146859233305,0.2156198167514957,0.0,1.0,0.20048054963193362,0.6828862624606129,0.0,2
0.011755400962389065,0.7989663099744412,1.144866394941168,0.2316080237008812,0.0,1.0,-0.1534872845122871,1.0857776168352669,0.0,2
0.19092005901233147,0.4118550934395143,0.7352078648677516,0.18616629441001858,0.0,1.0,0.12498823237969502,0.635548987962895,0.0,2
0.10171538887031877,0.6066704402986366,0.9421240313699571,0.20938206180990399,0.0,1.0,-0.014095013847368169,0.8625226056424676,0.0,2
0.14796559794805872,0.5008087764204281,0.8279424971941123,0.19596367796936354,0.0,1.0,0.059027476318570665,0.7382741566379699,0.0,2
0.2263796133700209,0.45789649677396077,0.8284731989532305,0.21207710379138353,0.0,1.0,0.15454711096703688,0.7123891243778213,0.0,2
-0.103549142426954,0.2795231670709461,0.316063954616929,0.042139499699785025,0.0,0.0,-0.17257040740375346,0.3356928755980091,0.0,2
0.11236495974033611,0.5679385998775677,0.8954269235543777,0.2022070215344458,0.0,1.0,0.005733305829936268,0.814490151835952,0.0,2
0.23611989822941154,0.3304766029779522,0.6550023213861141,0.1793356648227155,0.0,1.0,0.19184985206383467,0.543993873506577,0.0,2
0.2951991061428812,0.1490830078307278,0.4435264344900734,0.14905730550767352,0.0,1.0,0.2948744134901169,0.3228188160622853,0.0,2
-0.10392274607777843,0.2839703158587061,0.3220919480868836,0.04327006970762378,0.0,0.0,-0.17390948689736502,0.3415563193510055,0.0,2
0.27852253534288884,0.1610515236034311,0.44745346855382584,0.14643921878109495,0.0,1.0,0.2739677500314268,0.3321692260236073,0.0,2
0.05879836305700117,0.6955939143428633,1.0348450977395798,0.21918437130059135,0.0,1.0,-0.08000814266140702,0.9652222628415111,0.0,2
0.10329894260767875,0.690887977934904,1.0630725033913537,0.2339198478210917,0.0,1.0,-0.02989351696360397,0.9771137053545559,0.0,2
0.10427905143945677,0.5872242688728695,0.9164949563439907,0.20477432282124908,0.0,1.0,-0.0072127538563780845,0.8372649328404663,0.0,2
0.10147873134617656,0.6336259833433372,0.98025268476753,0.21696730966010744,0.0,1.0,-0.019972570097829753,0.8988947718360846,0.0,2
0.17423543030460528,0.43366171390767905,0.7531123608616997,0.1863449246687598,0.0,1.0,0.10202287742816747,0.6582064691648721,0.0,2
0.17370989289594516,0.4304132613276341,0.7480826915151896,0.18523067676950944,0.0,1.0,0.10211944277212393,0.6535958792005482,0.0,2
0.1735195313654861,0.43466022634895685,0.7539699225665932,0.18637047183320235,0.0,1.0,0.10102439399912182,0.6592636691328727,0.0,2
-0.3507942949930223,0.8930672710635124,0.9941541180333674,0.12742493763521767,0.0,0.0,-0.5733930700732123,1.0643389076572527,0.0,2
-0.26078148894207637,0.700728832035678,0.7913926893733245,0.10520594093267979,0.0,0.0,-0.4339336122254413,0.8410479735734216,0.0,2
0.12381539418341514,0.7327197151522739,1.1386294909644397,0.25323491710903556,0.0,1.0,-0.015956573158627904,1.0421273532562225,0.0,2
0.012585843901357087,0.8014251676344115,1.1490129791573878,0.2326077156821148,0.0,1.0,-0.15308268237759817,1.0894450320393272,0.0,2
0.1335424734642063,0.6698632041197141,1.056918003504361,0.2388614982333435,0.0,1.0,0.00787963950057146,0.9610771459245412,0.0,2
0.14645375785872214,0.49577076203218523,0.8195952822791811,0.19398389932685312,0.0,1.0,0.0584079016157909,0.7308377211778387,0.0,2
0.27528829571883895,0.32714247068486424,0.6809958192953992,0.19253540725706744,0.0,1.0,0.23579127178103584,0.5555535267913025,0.0,2
0.21623166568594454,0.504259728795011,0.8864110783882915,0.22160500576374684,0.0,1.0,0.13368262500746741,0.7709522151541455,0.0,2
0.276754842049084,0.3374487345027004,0.6967957329427852,0.19599800953612292,0.0,1.0,0.2352631831843974,0.5700990103162304,0.0,2
-0.30483443933459053,0.7985957612742157,0.8959346165819676,0.11714296549523692,0.0,0.0,-0.5029643339900478,0.9553815374807848,0.0,2
0.30582751547738085,0.20796790489198197,0.535564184712412,0.16965339867354573,0.0,1.0,0.294340668394092,0.40684738750436505,0.0,2
0.21421943410615946,0.3900941608248866,0.722558420829768,0.18839006572724526,0.0,1.0,0.15524756448939192,0.6156673070852097,0.0,2
-0.3466266227325982,0.8897449408355672,0.9927018609407264,0.12798496283950692,0.0,0.0,-0.5680992294632577,1.0615539589268048,0.0,2
-0.2693111370599286,0.777164479032611,0.8933449633198531,0.12387611207172324,0.0,0.0,-0.45927696121758577,0.9409612518579932,0.0,2
0.12527267187020874,0.6412134945892218,1.0097068772144755,0.2277214109160843,0.0,1.0,0.004717999067401757,0.9189227273097905,0.0,2
0.2882014911653513,0.3956959925747019,0.7885691628398419,0.2167082171229345,0.0,1.0,0.23576572952020788,0.6536006121389115,0.0,2
-0.30608890199860045,0.782194131247526,0.8716372165621363,0.11202241549851781,0.0,0.0,-0.5009320935318186,0.932676398320638,0.0,2
0.25280436123074607,0.42410199847103924,0.8011716173747244,0.2120054427889305,0.0,1.0,0.1907644648624225,0.6775090565661345,0.0,2
0.23086070621893817,0.4547050170277441,0.8274528498389288,0.21278757989758298,0.0,1.0,0.16015974354970988,0.7099098030828539,0.0,2
0.23091811622651776,0.45460866388643645,0.8273609399087952,0.21278089853099638,0.0,1.0,0.16024320670938053,0.7098029978985696,0.0,2
0.3534697545013719,0.09137425324397844,0.4072205345483649,0.1536838485800543,0.0,1.0,0.3712361688316916,0.26865033071422256,0.0,2
0.14832437411281485,0.6837819089311894,1.0883001976481683,0.24816190776831673,0.0,1.0,0.021300683900656158,0.9859732528878362,0.0,2
0.15401484920706504,0.4558379540978378,0.7687678252975046,0.1853514693291847,0.0,1.0,0.07507638343853816,0.6799132458964764,0.0,2
-0.3135482415656831,0.8608994536154477,0.9776553780438106,0.13172508808475422,0.0,0.0,-0.5255665825324679,1.0360995545905123,0.0,2
0.1497366561248731,0.7132159436685354,1.1312455577920808,0.25704809485439295,0.0,1.0,0.016727360237948543,1.0263752217985522,0.0,2
0.25973533397127346,0.260035659925828,0.5734075834525763,0.16782074275408781,0.0,1.0,0.23260076026282145,0.4583806776488059,0.0,2
0.1352233376877759,0.5089862358240643,0.8295679294640699,0.19368793545382154,0.0,1.0,0.0432546536351133,0.7441097121591017,0.0,2
0.10230600873516445,0.6064019604052552,0.942205833281608,0.2095190061622564,0.0,1.0,-0.013386958147327101,0.8624016956109415,0.0,2
0.2455375098649765,0.38955666532394956,0.7463674524772667,0.1995499278580042,0.0,1.0,0.18993857369076347,0.6277897096997067,0.0,2
0.24531262238620513,0.27425367739050177,0.5823004767426606,0.16665694267267273,0.0,1.0,0.21371394602987637,0.4716992749196949,0.0,2
0.32200460304759004,0.20356996631432267,0.5420059856864133,0.17424541823900785,0.0,1.0,0.3131184913789441,0.407534588758074,0.0,2
0.12526910982695086,0.6412158764762587,1.0097074679280982,0.22772080203640677,0.0,1.0,0.004713569859723842,0.9189244883797987,0.0,2
0.21429721933526452,0.38995456919428517,0.7224210390984606,0.18837843999526593,0.0,1.0,0.15536253325926577,0.6155103625872016,0.0,2
-0.3059943597292186,0.7821177152071543,0.8716027800219078,0.11203482066548073,0.0,0.0,-0.5008117857191652,0.9326118019870574,0.0,2
0.3679899506658141,0.08126467299248559,0.40424382222158894,0.15605199959911617,0.0,1.0,0.389374614547428,0.260930204777623,0.0,2
0.27683071600333214,0.3373314766183865,0.696688596538075,0.19599204891740293,0.0,1.0,0.23537138837713245,0.5699714978805024,0.0,2
0.29227137218302884,0.4864214930609214,0.9207188293478301,0.2439960921776024,0.0,1.0,0.22135648766241026,0.7780167269182704,0.0,2
0.27657503338414674,0.3385683498583201,0.6982460602816736,0.19625166720665368,0.0,1.0,0.23483137747177574,0.5715400097552629,0.0,2
0.0488222731094031,0.773144703085047,1.1372475051093158,0.23764938970651742,0.0,1.0,-0.1071808846078982,1.066050796698434,0.0,2
-0.30765630174233805,0.8230871006234487,0.9285322525436823,0.12309313923012045,0.0,0.0,-0.5111828522581304,0.9873590882057657,0.0,2
0.13021682123422665,0.574177571935776,0.9183019973707118,0.2104309521328484,0.0,1.0,0.024144058058766744,0.8302556167481319,0.0,2
-0.2690836692690028,0.7789403238894371,0.8960476090531521,0.12446363057902421,0.0,0.0,-0.45939581057516155,0.9434571941138022,0.0,2
0.07217509293609999,0.6990762340332496,1.0502905820575,0.22500732024013484,0.0,1.0,-0.06596413236102516,0.9754220217980709,0.0,2
0.12991160068294286,0.5627194823697792,0.901776098138008,0.20706007288010955,0.0,1.0,0.026194379510239382,0.8146282650933071,0.0,2
0.11161136906363167,0.6695683117284262,1.0392910995160904,0.23085555593695814,0.0,1.0,-0.016273564697643714,0.9516799846092713,0.0,2
0.190422369178001,0.4184172374555989,0.7441447301394254,0.18785390541614055,0.0,1.0,0.12307148169780231,0.6442229841831661,0.0,2
0.13073357696241186,0.5616052453133812,0.9008372778083186,0.2070399115843942,0.0,1.0,0.027334096937093343,0.813458019365197,0.0,2
0.27856354763150926,0.1688928537731444,0.458631236811885,0.14868543929353528,0.0,1.0,0.272379271230016,0.34279491188753813,0.0,2
0.2778636823702323,0.1540292207410504,0.4369550828125809,0.14420289030236919,0.0,1.0,0.27470341001089515,0.32239813995514266,0.0,2
0.25919297788574874,0.2799064277659103,0.6012261481923709,0.17327945196675262,0.0,1.0,0.22786180631904926,0.48504213332115265,0.0,2
0.13357464810682662,0.6603761118026862,1.0434583897381864,0.23617338030297866,0.0,1.0,0.00989182450773553,0.9482548687378253,0.0,2
-0.0931713708417467,0.5686364338687697,0.7351493676547697,0.12816110257278304,0.0,0.0,-0.2213495640304989,0.7311040629321915,0.0,2
0.2998768359756896,0.24824887006308508,0.5881500823017352,0.1789666219157439,0.0,1.0,0.27937774053098885,0.45890364054971927,0.0,2
0.07254010865446515,0.7025324951094115,1.0554896786111336,0.22612271999909442,0.0,1.0,-0.06628123089900625,0.9802479034385491,0.0,2
0.06932825487718675,0.7071284242055842,1.0595021779308105,0.22627038645583938,0.0,1.0,-0.0707850875648366,0.9851481226688238,0.0,2
0.06958476316995735,0.7107229403899333,1.0648126510168772,0.2273859340411521,0.0,1.0,-0.07125079750116035,0.9901165354539969,0.0,2
0.0692417017570159,0.707230386840717,1.0595791946532211,0.22626813694521414,0.0,1.0,-0.07090189706993197,0.9852505599392998,0.0,2
0.23483266293962454,0.29714624558060365,0.6066168819711547,0.16938587167949962,0.0,1.0,0.19737305164753163,0.4983717149266367,0.0,2
0.06960926982761786,0.7027823686812443,1.0535452297849262,0.22513513934851562,0.0,1.0,-0.06956930046589538,0.9793834636182389,0.0,2
0.06963862310578543,0.7106556034863553,1.0647591989953087,0.22738622745167478,0.0,1.0,-0.07117729966702735,0.9900475309624138,0.0,2
0.11511985945815599,0.5718225761787057,0.9031091389105964,0.2043074178051871,0.0,1.0,0.007965818590796396,0.8208752608675661,0.0,2
-0.26489693650039176,0.6881944682719267,0.7703473759153808,0.10015244393937375,0.0,0.0,-0.43586600709863366,0.8224011748791854,0.0,2
-0.30745019454714073,0.8228144905328201,0.928306484632369,0.12309001333654414,0.0,0.0,-0.5108984854610717,0.987074827217067,0.0,2
-0.26899852595784035,0.6973313229715696,0.7801161907740288,0.10127092756619295,0.0,0.0,-0.4422983553568727,0.8330799467729051,0.0,2
0.24694539573569374,0.3915368830378398,0.7502867802081262,0.2006219991684748,0.0,1.0,0.19108046995592542,0.63104647426481,0.0,2
0.06962627916793446,0.7106644467096435,1.0647620832724602,0.22738428504878402,0.0,1.0,-0.07119277140624164,0.9900544306864251,0.0,2
0.2929599864699955,0.25823512697440215,0.5969172986776005,0.1793098823916223,0.0,1.0,0.2696600225977712,0.46957652085104346,0.0,2
-0.1043947043916899,0.2727769858691787,0.30581154846068154,0.039914303483463046,0.0,0.0,-0.17209842785584797,0.32621876042236575,0.0,2
0.23357486929940452,0.28699606085190976,0.5912026106863971,0.16604309112412063,0.0,1.0,0.1980991094942115,0.4841230471032458,0.0,2
0.33883505105175804,0.013066638587328832,0.28443207787773644,0.12611346956784703,0.0,1.0,0.3713932442701687,0.15670020770272225,0.0,2
-0.14791564635515975,0.41260369606798675,0.47041212036482827,0.06398398920344328,0.0,0.0,-0.24928417558845747,0.49753972107364436,0.0,2
0.3058784017322197,0.20788745737570058,0.5354897641642709,0.16964888703664924,0.0,1.0,0.2944136145475078,0.40675942504252977,0.0,2
-0.22503175406455175,0.5687600874033062,0.6318638492243369,0.08056525437988779,0.0,0.0,-0.3669654636230886,0.6771699027908101,0.0,2
0.25223958808596764,0.41371473831177835,0.7859641323407088,0.20884553283690577,0.0,1.0,0.1923050981415709,0.6632239814149284,0.0,2
