checking-account,duration,credit-amount,savings-account,employment-since,installment-rate,personal-status-and-sex,residence-since,age,existing-credits,number-people-provide-maintenance,telephone,foreign-worker,credit-history_A30,credit-history_A31,credit-history_A32,credit-history_A33,credit-history_A34,purpose_A40,purpose_A41,purpose_A410,purpose_A42,purpose_A43,purpose_A44,purpose_A45,purpose_A46,purpose_A48,purpose_A49,other-debtors_A101,other-debtors_A102,other-debtors_A103,property_A121,property_A122,property_A123,property_A124,other-installment_A141,other-installment_A142,other-installment_A143,housing_A151,housing_A152,housing_A153,job_A171,job_A172,job_A173,job_A174,target
0.3027129892679914,0.14458003485677645,0.12559640439212358,0.32309560426136813,0.12103965984221685,0.727254797145543,1.0,0.5381355157766513,0.12662169546067492,0.024156680007975273,0.0,1.0,0.0,0.0,0.0,1.0,0.0,0.0,0.0,0.0,0.0,0.0,0.0,0.0,0.0,0.0,0.0,0.0,1.0,0.0,0.0,0.0,1.0,0.0,0.0,0.0,0.0,1.0,0.0,1.0,0.0,0.0,0.0,0.0,0.0,0
0.26758657323642904,0.17719281768019843,0.11033623494571385,0.17972630745616625,0.47279524197378875,0.4961143078031469,1.0,0.5134896916597724,0.2522250748323684,0.016924099951624673,0.0,0.0,0.0,0.0,0.0,0.0,0.0,0.0,0.0,0.0,0.0,0.0,0.0,0.0,0.0,0.0,0.0,0.0,1.0,0.0,0.0,0.0,0.0,0.0,0.0,0.0,0.0,1.0,0.0,0.0,0.0,0.0,0.0,1.0,0.0,0
0.3106085373693368,0.20456060495688017,0.12809141662346568,0.21102513760826963,0.5405085268566372,0.5792088792773009,1.0,0.595189580524984,0.2895932965387188,0.019745643061071315,0.0,0.0,0.0,0.0,0.0,1.0,0.0,0.0,0.0,0.0,0.0,0.0,0.0,0.0,0.0,0.0,0.0,0.0,1.0,0.0,0.0,0.0,0.0,1.0,0.0,0.0,0.0,1.0,0.0,0.0,0.0,0.0,0.0,1.0,0.0,0
0.3432399848444761,0.1692445874721094,0.14233741654137752,0.35497192686877505,0.1765597629538455,0.8088467173683835,1.0,0.6142432235614536,0.15865243680843666,0.02691468990321358,0.0,1.0,0.0,0.0,0.0,1.0,0.0,0.0,0.0,0.0,0.0,0.0,0.0,0.0,0.0,0.0,0.0,0.0,1.0,0.0,0.0,0.0,1.0,0.0,0.0,0.0,0.0,1.0,0.0,1.0,0.0,0.0,0.0,0.0,0.0,0
0.2604031223211333,0.15619925685160102,0.10759978531004663,0.20970859849905113,0.33984652856495184,0.5310400120657632,1.0,0.4872786319641064,0.19933182478442374,0.017925947275301505,0.0,0.0,0.0,0.0,0.0,0.0,0.0,0.0,0.0,0.0,0.0,0.0,0.0,0.0,0.0,0.0,0.0,0.0,1.0,0.0,0.0,0.0,0.0,0.0,0.0,0.0,0.0,1.0,0.0,0.0,0.0,0.0,0.0,0.0,0.0,0
0.28150264910472494,0.16135719146195035,0.1164223761056931,0.24277486367077272,0.31184725284720843,0.596347948872157,1.0,0.5210224709279359,0.1941831933741305,0.020050903579549834,0.0,0.0,0.0,0.0,0.0,0.0,0.0,0.0,0.0,0.0,0.0,0.0,0.0,0.0,0.0,0.0,0.0,0.0,1.0,0.0,0.0,0.0,0.0,0.0,0.0,0.0,0.0,1.0,0.0,0.0,0.0,0.0,0.0,0.0,0.0,0
0.25624915798197934,0.1932232324751375,0.10533439036761827,0.1216526876135827,0.627095202930377,0.40515646494906266,0.0,0.5097475272737564,0.30840039970511735,0.014096061030291178,0.0,0.0,0.0,0.0,0.0,0.0,0.0,0.0,0.0,0.0,0.0,0.0,1.0,0.0,0.0,0.0,0.0,0.0,1.0,0.0,0.0,0.0,0.0,1.0,0.0,0.0,0.0,1.0,0.0,0.0,0.0,0.0,0.0,1.0,0.0,0
0.2677872180070487,0.17135484167599657,0.11050191628815312,0.19266089561393757,0.4289271678377213,0.5142273850306869,1.0,0.5093051405444255,0.2354534155311037,0.017472280083277093,0.0,0.0,0.0,0.0,0.0,0.0,0.0,0.0,0.0,0.0,0.0,0.0,0.0,0.0,0.0,0.0,0.0,0.0,1.0,0.0,0.0,0.0,0.0,0.0,0.0,0.0,0.0,1.0,0.0,0.0,0.0,0.0,0.0,1.0,0.0,0
0.356548700725647,0.22017589094411444,0.14723999668845264,0.27362061955484407,0.5120217390574153,0.7083756393548503,1.0,0.6720161191563635,0.2908388285108555,0.023979073023599064,0.0,0.0,0.0,0.0,0.0,1.0,0.0,0.0,0.0,0.0,0.0,0.0,0.0,0.0,0.0,0.0,0.0,0.0,1.0,0.0,0.0,0.0,0.0,0.0,0.0,0.0,0.0,1.0,0.0,1.0,0.0,0.0,0.0,1.0,0.0,0
0.2781232429058835,0.1668837669643841,0.11492105306602464,0.2238603886571167,0.36338253287465694,0.5670122245221949,1.0,0.5204797101421805,0.21305330932029126,0.019140823595338956,0.0,0.0,0.0,0.0,0.0,0.0,0.0,0.0,0.0,0.0,0.0,0.0,0.0,0.0,0.0,0.0,0.0,0.0,1.0,0.0,0.0,0.0,0.0,0.0,0.0,0.0,0.0,1.0,0.0,0.0,0.0,0.0,0.0,1.0,0.0,0
0.3500027628034883,0.18498452636489926,0.1449695207545733,0.33537222822006296,0.2719178022526552,0.787923388770886,1.0,0.6358395336659693,0.19701700385588614,0.02633242007262284,0.0,1.0,0.0,0.0,0.0,1.0,0.0,0.0,0.0,0.0,0.0,0.0,0.0,0.0,0.0,0.0,0.0,0.0,1.0,0.0,0.0,0.0,1.0,0.0,0.0,0.0,0.0,1.0,0.0,1.0,0.0,0.0,0.0,0.0,0.0,0
0.26101117179328476,0.1660010578417464,0.10771993302976163,0.18996781649984582,0.4105350489369953,0.5042397710873604,1.0,0.49563878700395825,0.22660423857883502,0.017121449031371694,0.0,0.0,0.0,0.0,0.0,0.0,0.0,0.0,0.0,0.0,0.0,0.0,0.0,0.0,0.0,0.0,0.0,0.0,1.0,0.0,0.0,0.0,0.0,0.0,0.0,0.0,0.0,1.0,0.0,0.0,0.0,0.0,0.0,1.0,0.0,0
0.40705201235809413,0.2527822368175757,0.16807607341817155,0.3093344695683357,0.5950608069765462,0.8044955607333864,1.0,0.7682901921113428,0.33606704736295195,0.02724827571965363,0.0,0.0,0.0,0.0,0.0,1.0,0.0,0.0,0.0,0.0,0.0,0.0,0.0,0.0,0.0,0.0,0.0,0.0,1.0,0.0,0.0,0.0,0.0,0.0,0.0,0.0,0.0,1.0,0.0,1.0,0.0,0.0,0.0,1.0,0.0,0
0.31224146021521687,0.1887039048205842,0.12900003871513432,0.24843227467777432,0.4179436467468989,0.6325640233665621,1.0,0.5853601748982167,0.24301834142823026,0.02136799166880053,0.0,0.0,0.0,0.0,0.0,1.0,0.0,0.0,0.0,0.0,0.0,0.0,0.0,0.0,0.0,0.0,0.0,0.0,1.0,0.0,0.0,0.0,0.0,0.0,0.0,0.0,0.0,1.0,0.0,0.0,0.0,0.0,0.0,1.0,0.0,0
0.29290863455962185,0.18513455952311988,0.12090011010087588,0.2156550502539444,0.4521655522021343,0.5692875319969444,1.0,0.555327014068506,0.2510216113914931,0.019317223516814665,0.0,0.0,0.0,0.0,0.0,1.0,0.0,0.0,0.0,0.0,0.0,0.0,0.0,0.0,0.0,0.0,0.0,0.0,1.0,0.0,0.0,0.0,0.0,0.0,0.0,0.0,0.0,1.0,0.0,0.0,0.0,0.0,0.0,1.0,0.0,0
0.4221304131143665,0.2761747954876754,0.1741072146681163,0.29071935524576337,0.7210066021549391,0.7926129699131464,1.0,0.8074863558523889,0.3883660971426224,0.026999473782798118,0.0,0.0,0.0,0.0,0.0,1.0,0.0,0.0,0.0,0.0,0.0,0.0,1.0,0.0,0.0,0.0,0.0,0.0,1.0,0.0,0.0,0.0,0.0,1.0,0.0,0.0,0.0,1.0,0.0,1.0,0.0,0.0,0.0,1.0,0.0,0
0.4519553241702006,0.27985932251631496,0.18662835250078513,0.3451907675468535,0.6547181813960522,0.895643619839193,1.0,0.852424409039524,0.370844002147555,0.030326609316073852,0.0,0.0,0.0,0.0,0.0,1.0,0.0,0.0,0.0,0.0,0.0,0.0,0.0,0.0,0.0,0.0,0.0,0.0,1.0,0.0,0.0,0.0,0.0,1.0,0.0,0.0,0.0,1.0,0.0,1.0,0.0,0.0,0.0,1.0,0.0,0
0.36787544827248614,0.23865595722668403,0.1517579198060475,0.2576910467928374,0.6133545781037775,0.6967522065150672,1.0,0.7021546524917799,0.3327040760717946,0.023710759746859895,0.0,0.0,0.0,0.0,0.0,1.0,0.0,0.0,0.0,0.0,0.0,0.0,0.0,0.0,0.0,0.0,0.0,0.0,1.0,0.0,0.0,0.0,0.0,1.0,0.0,0.0,0.0,1.0,0.0,1.0,0.0,0.0,0.0,1.0,0.0,0
0.42121801029613065,0.2614882602810596,0.17392662998275077,0.320295185043305,0.6150945869806766,0.8327640409329131,1.0,0.7949580315517597,0.3475037067988002,0.028204730990259132,0.0,0.0,0.0,0.0,0.0,1.0,0.0,0.0,0.0,0.0,0.0,0.0,0.0,0.0,0.0,0.0,0.0,0.0,1.0,0.0,0.0,0.0,0.0,0.0,0.0,0.0,0.0,1.0,0.0,1.0,0.0,0.0,0.0,1.0,0.0,0
0.40766536182837165,0.27386186442311744,0.16804178208004703,0.26542824372992263,0.74926108817838,0.7442059261871282,1.0,0.7852889362584866,0.3953703109092076,0.025432984885373853,0.0,0.0,0.0,0.0,0.0,1.0,0.0,0.0,0.0,0.0,0.0,0.0,1.0,0.0,0.0,0.0,0.0,0.0,1.0,0.0,0.0,0.0,0.0,1.0,0.0,0.0,0.0,1.0,0.0,1.0,0.0,0.0,0.0,1.0,0.0,0
0.32731769299352453,0.19077238308824593,0.13532650330542567,0.27552553110910283,0.3859610174570593,0.6840330882945188,1.0,0.6082336107359841,0.2347461878620244,0.023031356382696565,0.0,0.0,0.0,0.0,0.0,1.0,0.0,0.0,0.0,0.0,0.0,0.0,0.0,0.0,0.0,0.0,0.0,0.0,1.0,0.0,0.0,0.0,0.0,0.0,0.0,0.0,0.0,1.0,0.0,1.0,0.0,0.0,0.0,1.0,0.0,0
0.3419643797178758,0.20485498929985094,0.14130499603676214,0.27596556579453135,0.4443078681767046,0.6981631966899464,1.0,0.6396950570007731,0.2610044928850855,0.023564566565408333,0.0,0.0,0.0,0.0,0.0,1.0,0.0,0.0,0.0,0.0,0.0,0.0,0.0,0.0,0.0,0.0,0.0,0.0,1.0,0.0,0.0,0.0,0.0,0.0,0.0,0.0,0.0,1.0,0.0,1.0,0.0,0.0,0.0,1.0,0.0,0
0.3557502270604599,0.1909884850378916,0.1473088856376606,0.33452053697277273,0.29835263586133465,0.7920483339394649,1.0,0.6485509309233157,0.20867831373572043,0.02649880053764905,0.0,1.0,0.0,0.0,0.0,1.0,0.0,0.0,0.0,0.0,0.0,0.0,0.0,0.0,0.0,0.0,0.0,0.0,1.0,0.0,0.0,0.0,1.0,0.0,0.0,0.0,0.0,1.0,0.0,1.0,0.0,0.0,0.0,0.0,0.0,0
0.298287013081013,0.20023274973096056,0.12295755305272789,0.19453601894276207,0.5471141705303608,0.5449804221057668,1.0,0.5744771584536456,0.28886237725308045,0.018622732499862016,0.0,0.0,0.0,0.0,0.0,1.0,0.0,0.0,0.0,0.0,0.0,0.0,0.0,0.0,0.0,0.0,0.0,0.0,1.0,0.0,0.0,0.0,0.0,1.0,0.0,0.0,0.0,1.0,0.0,0.0,0.0,0.0,0.0,1.0,0.0,0
0.15940854226807175,0.11216526837275374,0.06563849089372163,0.0929048270499714,0.33058910799740343,0.2759182096455996,0.0,0.31095590010161384,0.16902436461993278,0.009489624310287516,0.0,0.0,0.0,0.0,0.0,0.0,0.0,0.0,0.0,0.0,0.0,0.0,0.0,0.0,0.0,0.0,0.0,0.0,0.0,0.0,0.0,0.0,0.0,0.0,0.0,0.0,0.0,0.0,0.0,0.0,0.0,0.0,0.0,0.0,0.0,0
0.3374188033768087,0.22451411724407574,0.13911575686774122,0.22431612315941032,0.6041737887864261,0.6223789992419416,1.0,0.6483213236185522,0.32111393424325746,0.021244006972548073,0.0,0.0,0.0,0.0,0.0,1.0,0.0,0.0,0.0,0.0,0.0,0.0,0.0,0.0,0.0,0.0,0.0,0.0,1.0,0.0,0.0,0.0,0.0,1.0,0.0,0.0,0.0,1.0,0.0,0.0,0.0,0.0,0.0,1.0,0.0,0
0.3964749295944304,0.2523409968250992,0.16362356425712637,0.28816151307832266,0.6249790806039448,0.7653853898622114,1.0,0.7530157302421661,0.344739433906975,0.025990726948510786,0.0,0.0,0.0,0.0,0.0,1.0,0.0,0.0,0.0,0.0,0.0,0.0,0.0,0.0,0.0,0.0,0.0,0.0,1.0,0.0,0.0,0.0,0.0,1.0,0.0,0.0,0.0,1.0,0.0,1.0,0.0,0.0,0.0,1.0,0.0,0
0.26031020509450387,0.153332552948644,0.1076004418652268,0.21565970627668332,0.3189060316655255,0.5392027180627503,1.0,0.4849534806352359,0.19127585390891322,0.01817165033651965,0.0,0.0,0.0,0.0,0.0,0.0,0.0,0.0,0.0,0.0,0.0,0.0,0.0,0.0,0.0,0.0,0.0,0.0,1.0,0.0,0.0,0.0,0.0,0.0,0.0,0.0,0.0,1.0,0.0,0.0,0.0,0.0,0.0,0.0,0.0,0
0.30076586491164836,0.176314149042289,0.12433476318061938,0.25099464240818836,0.36218526217591024,0.6255225677122146,1.0,0.5596724552331575,0.218592927709815,0.021071846531972107,0.0,0.0,0.0,0.0,0.0,1.0,0.0,0.0,0.0,0.0,0.0,0.0,0.0,0.0,0.0,0.0,0.0,0.0,1.0,0.0,0.0,0.0,0.0,0.0,0.0,0.0,0.0,1.0,0.0,0.0,0.0,0.0,0.0,1.0,0.0,0
0.36544838442168215,0.2310668179187451,0.15084025036722412,0.2688845641666129,0.5647612489793241,0.7100264787825169,1.0,0.6929191027965098,0.31342395905070086,0.02409374234796464,0.0,0.0,0.0,0.0,0.0,1.0,0.0,0.0,0.0,0.0,0.0,0.0,0.0,0.0,0.0,0.0,0.0,0.0,1.0,0.0,0.0,0.0,0.0,0.0,0.0,0.0,0.0,1.0,0.0,1.0,0.0,0.0,0.0,1.0,0.0,0
0.3358155043913676,0.23235659222677338,0.1383309571303099,0.20415120800184458,0.6672889553868953,0.5929496199898168,1.0,0.6520591464048808,0.34489586099736197,0.0203440404452568,0.0,0.0,0.0,0.0,0.0,1.0,0.0,0.0,0.0,0.0,0.0,0.0,1.0,0.0,0.0,0.0,0.0,0.0,1.0,0.0,0.0,0.0,0.0,1.0,0.0,0.0,0.0,1.0,0.0,0.0,0.0,0.0,0.0,1.0,0.0,0
0.37652450027066164,0.24233186190006692,0.15535275491895453,0.267897872490586,0.6134429314587218,0.718883130115841,1.0,0.7171819241996765,0.3350293941031453,0.02444176615175129,0.0,0.0,0.0,0.0,0.0,1.0,0.0,0.0,0.0,0.0,0.0,0.0,0.0,0.0,0.0,0.0,0.0,0.0,1.0,0.0,0.0,0.0,0.0,1.0,0.0,0.0,0.0,1.0,0.0,1.0,0.0,0.0,0.0,1.0,0.0,0
0.36715853987327907,0.2476927767359537,0.1513301750922816,0.2368194135344947,0.6825344611235046,0.6671615051195321,1.0,0.7080582720986641,0.35904685197023034,0.022812381967107775,0.0,0.0,0.0,0.0,0.0,1.0,0.0,0.0,0.0,0.0,0.0,0.0,1.0,0.0,0.0,0.0,0.0,0.0,1.0,0.0,0.0,0.0,0.0,1.0,0.0,0.0,0.0,1.0,0.0,1.0,0.0,0.0,0.0,1.0,0.0,0
0.3259849648776259,0.19438722665743563,0.1347144902548135,0.2649893025038261,0.4169156105196879,0.6681992205177764,1.0,0.6091180538013465,0.24626518408040232,0.02254372295407356,0.0,0.0,0.0,0.0,0.0,1.0,0.0,0.0,0.0,0.0,0.0,0.0,0.0,0.0,0.0,0.0,0.0,0.0,1.0,0.0,0.0,0.0,0.0,0.0,0.0,0.0,0.0,1.0,0.0,1.0,0.0,0.0,0.0,1.0,0.0,0
0.3554886864706594,0.19404122803051696,0.14715622727474695,0.3274293689743145,0.3217831519897049,0.781978261923726,1.0,0.650517901789856,0.21759537897185366,0.026192943764405213,0.0,1.0,0.0,0.0,0.0,1.0,0.0,0.0,0.0,0.0,0.0,0.0,0.0,0.0,0.0,0.0,0.0,0.0,1.0,0.0,0.0,0.0,1.0,0.0,0.0,0.0,0.0,1.0,0.0,1.0,0.0,0.0,0.0,0.0,0.0,0
0.3381709118816761,0.1951457286316623,0.1398407888658902,0.28884660300861037,0.38429919814355196,0.7125151267986208,1.0,0.6269073317467271,0.23698421810129477,0.023970121484348177,0.0,1.0,0.0,0.0,0.0,1.0,0.0,0.0,0.0,0.0,0.0,0.0,0.0,0.0,0.0,0.0,0.0,0.0,1.0,0.0,0.0,0.0,0.0,0.0,0.0,0.0,0.0,1.0,0.0,1.0,0.0,0.0,0.0,1.0,0.0,0
0.33777361225963515,0.20788143918345495,0.13949638576255688,0.26071394252306224,0.4798718511693244,0.673155374470541,1.0,0.6360931189601473,0.27353414532672093,0.02277920695617224,0.0,0.0,0.0,0.0,0.0,1.0,0.0,0.0,0.0,0.0,0.0,0.0,0.0,0.0,0.0,0.0,0.0,0.0,1.0,0.0,0.0,0.0,0.0,0.0,0.0,0.0,0.0,1.0,0.0,1.0,0.0,0.0,0.0,1.0,0.0,0
0.3435764610959405,0.20448372422711034,0.1419897067494768,0.2801326482333363,0.4365001106704083,0.7054270374397342,1.0,0.6416874752852338,0.2584370626871709,0.023795560837992214,0.0,0.0,0.0,0.0,0.0,1.0,0.0,0.0,0.0,0.0,0.0,0.0,0.0,0.0,0.0,0.0,0.0,0.0,1.0,0.0,0.0,0.0,0.0,0.0,0.0,0.0,0.0,1.0,0.0,1.0,0.0,0.0,0.0,1.0,0.0,0
0.37200655252850157,0.22409501478592075,0.1537016186397232,0.2975446497542332,0.4925484250277451,0.7558042966067634,1.0,0.696844800017655,0.28746550360362,0.025523263985277652,0.0,0.0,0.0,0.0,0.0,1.0,0.0,0.0,0.0,0.0,0.0,0.0,0.0,0.0,0.0,0.0,0.0,0.0,1.0,0.0,0.0,0.0,0.0,0.0,0.0,0.0,0.0,1.0,0.0,1.0,0.0,0.0,0.0,1.0,0.0,0
0.2493945263626021,0.14797585527011156,0.10307348799793109,0.2043160518127404,0.3134806978362129,0.5134038043550321,1.0,0.4654389794932518,0.18630312478865227,0.017313416592386072,0.0,0.0,0.0,0.0,0.0,0.0,0.0,0.0,0.0,0.0,0.0,0.0,0.0,0.0,0.0,0.0,0.0,0.0,1.0,0.0,0.0,0.0,0.0,0.0,0.0,0.0,0.0,1.0,0.0,0.0,0.0,0.0,0.0,0.0,0.0,0
0.4197059034025935,0.24610449163857148,0.17350293350093932,0.35011158523930885,0.5059001743944521,0.8726949717644893,1.0,0.781049211393696,0.3052235292433886,0.029398974266023774,0.0,1.0,0.0,0.0,0.0,1.0,0.0,0.0,0.0,0.0,0.0,0.0,0.0,0.0,0.0,0.0,0.0,0.0,1.0,0.0,0.0,0.0,0.0,0.0,0.0,0.0,0.0,1.0,0.0,1.0,0.0,0.0,0.0,1.0,0.0,0
0.2731346819094965,0.152922678289156,0.11301213610956552,0.24335697868343759,0.2756326952324363,0.5894304014013678,1.0,0.5027503016753879,0.17807678341324462,0.01978113989097173,0.0,0.0,0.0,0.0,0.0,0.0,0.0,0.0,0.0,0.0,0.0,0.0,0.0,0.0,0.0,0.0,0.0,0.0,1.0,0.0,0.0,0.0,0.0,0.0,0.0,0.0,0.0,1.0,0.0,0.0,0.0,0.0,0.0,0.0,0.0,0
0.2675257440394619,0.17577961718831925,0.11033022553380227,0.18262861037183303,0.462519332462131,0.5000808666452693,1.0,0.5123222443456575,0.24826781736391024,0.0170433818780749,0.0,0.0,0.0,0.0,0.0,0.0,0.0,0.0,0.0,0.0,0.0,0.0,0.0,0.0,0.0,0.0,0.0,0.0,1.0,0.0,0.0,0.0,0.0,0.0,0.0,0.0,0.0,1.0,0.0,0.0,0.0,0.0,0.0,1.0,0.0,0
0.2850538474907062,0.1831802218828793,0.1176161713242077,0.20341863419636472,0.4623358000641561,0.5450766913866084,1.0,0.542738932896739,0.2528412249202026,0.018529224510811678,0.0,0.0,0.0,0.0,0.0,0.0,0.0,0.0,0.0,0.0,0.0,0.0,0.0,0.0,0.0,0.0,0.0,0.0,1.0,0.0,0.0,0.0,0.0,0.0,0.0,0.0,0.0,1.0,0.0,0.0,0.0,0.0,0.0,1.0,0.0,1
0.2781045408555361,0.16681469802831486,0.11491412896280692,0.22396934343989916,0.3629296577998914,0.5671459766072041,1.0,0.5204004398468687,0.21287466234982888,0.019144724458990337,0.0,0.0,0.0,0.0,0.0,0.0,0.0,0.0,0.0,0.0,0.0,0.0,0.0,0.0,0.0,0.0,0.0,0.0,1.0,0.0,0.0,0.0,0.0,0.0,0.0,0.0,0.0,1.0,0.0,0.0,0.0,0.0,0.0,1.0,0.0,1
0.33529169280425947,0.18413890003902988,0.1387799979981228,0.30642114731100994,0.31181167216985795,0.7342163816357026,1.0,0.61441764292582,0.2084201167821922,0.024604166646992442,0.0,1.0,0.0,0.0,0.0,1.0,0.0,0.0,0.0,0.0,0.0,0.0,0.0,0.0,0.0,0.0,0.0,0.0,1.0,0.0,0.0,0.0,1.0,0.0,0.0,0.0,0.0,1.0,0.0,1.0,0.0,0.0,0.0,0.0,0.0,0
0.37265481442896164,0.23374635120479917,0.15384080768887787,0.27821051444268174,0.5619963715560465,0.7296048041112396,1.0,0.7051465893656502,0.3142727710951445,0.02473719148495642,0.0,0.0,0.0,0.0,0.0,1.0,0.0,0.0,0.0,0.0,0.0,0.0,0.0,0.0,0.0,0.0,0.0,0.0,1.0,0.0,0.0,0.0,0.0,0.0,0.0,0.0,0.0,1.0,0.0,1.0,0.0,0.0,0.0,1.0,0.0,1
0.2761409174352305,0.18335654440658972,0.1138565859669734,0.1844018803420694,0.491606617509466,0.5104912667416834,1.0,0.5302871894176875,0.2617061825519871,0.01742037359735591,0.0,0.0,0.0,0.0,0.0,0.0,0.0,0.0,0.0,0.0,0.0,0.0,0.0,0.0,0.0,0.0,0.0,0.0,1.0,0.0,0.0,0.0,0.0,0.0,0.0,0.0,0.0,1.0,0.0,0.0,0.0,0.0,0.0,1.0,0.0,0
0.37065245138147124,0.2061685171907762,0.15337985149398461,0.3331423769095382,0.36402572493794916,0.803894234687699,1.0,0.6812131209326413,0.23781416745199074,0.026964926846663483,0.0,1.0,0.0,0.0,0.0,1.0,0.0,0.0,0.0,0.0,0.0,0.0,0.0,0.0,0.0,0.0,0.0,0.0,1.0,0.0,0.0,0.0,1.0,0.0,0.0,0.0,0.0,1.0,0.0,1.0,0.0,0.0,0.0,1.0,0.0,0
0.2913211611024645,0.16248388421226687,0.12054559669647222,0.26089207259816805,0.2893857995588133,0.6305225009054884,1.0,0.5357502804236708,0.18816976568923474,0.02115395072720486,0.0,0.0,0.0,0.0,0.0,1.0,0.0,0.0,0.0,0.0,0.0,0.0,0.0,0.0,0.0,0.0,0.0,0.0,1.0,0.0,0.0,0.0,0.0,0.0,0.0,0.0,0.0,1.0,0.0,1.0,0.0,0.0,0.0,0.0,0.0,1
0.39574018956243556,0.22886599470548225,0.16363996179042575,0.33694890383066506,0.45341850575263803,0.832328462735501,1.0,0.7340123412779622,0.278745778986183,0.028005958228732225,0.0,1.0,0.0,0.0,0.0,1.0,0.0,0.0,0.0,0.0,0.0,0.0,0.0,0.0,0.0,0.0,0.0,0.0,1.0,0.0,0.0,0.0,0.0,0.0,0.0,0.0,0.0,1.0,0.0,1.0,0.0,0.0,0.0,1.0,0.0,0
0.33338456879328443,0.22143164162319803,0.13745799717955304,0.2224876814687684,0.5940013341219411,0.6161207453373534,1.0,0.6402651783354498,0.31614366313597314,0.02102571771256897,0.0,0.0,0.0,0.0,0.0,1.0,0.0,0.0,0.0,0.0,0.0,0.0,0.0,0.0,0.0,0.0,0.0,0.0,1.0,0.0,0.0,0.0,0.0,1.0,0.0,0.0,0.0,1.0,0.0,0.0,0.0,0.0,0.0,1.0,0.0,0
0.3718639530338233,0.20820133354460982,0.15386230490974936,0.33131808215586667,0.3752804639083129,0.8024840125510185,1.0,0.6844797301459086,0.24245169024555394,0.02693118795164681,0.0,1.0,0.0,0.0,0.0,1.0,0.0,0.0,0.0,0.0,0.0,0.0,0.0,0.0,0.0,0.0,0.0,0.0,1.0,0.0,0.0,0.0,1.0,0.0,0.0,0.0,0.0,1.0,0.0,1.0,0.0,0.0,0.0,1.0,0.0,0
0.4331440876208497,0.2534077295858093,0.17906617685879547,0.36255747518830894,0.5178278899519865,0.9023501268727239,1.0,0.8056156702401481,0.3133584293988991,0.03039198172798587,0.0,1.0,0.0,0.0,0.0,1.0,0.0,0.0,0.0,0.0,0.0,0.0,0.0,0.0,0.0,0.0,0.0,0.0,1.0,0.0,0.0,0.0,0.0,0.0,0.0,0.0,0.0,1.0,0.0,1.0,0.0,0.0,0.0,1.0,0.0,0
0.36265223919380146,0.19959114402309228,0.1500988344316981,0.33051235092744735,0.34041208236159537,0.7928640002096026,1.0,0.6648815884720094,0.22663804455495912,0.026573706743856285,0.0,1.0,0.0,0.0,0.0,1.0,0.0,0.0,0.0,0.0,0.0,0.0,0.0,0.0,0.0,0.0,0.0,0.0,1.0,0.0,0.0,0.0,1.0,0.0,0.0,0.0,0.0,1.0,0.0,1.0,0.0,0.0,0.0,0.0,0.0,1
0.31927935049219336,0.17254352915906784,0.13219127694364285,0.2977933047196584,0.2761711794636431,0.7074770168629871,1.0,0.58293116315443,0.19050862099300525,0.023680413586201245,0.0,1.0,0.0,0.0,0.0,1.0,0.0,0.0,0.0,0.0,0.0,0.0,0.0,0.0,0.0,0.0,0.0,0.0,1.0,0.0,0.0,0.0,1.0,0.0,0.0,0.0,0.0,1.0,0.0,1.0,0.0,0.0,0.0,0.0,0.0,0
0.31203476398150715,0.20442480093374724,0.12869451149018749,0.21429879648137906,0.535027825639543,0.5850628381249398,1.0,0.5970997400964049,0.2878691279273928,0.019932727896612715,0.0,0.0,0.0,0.0,0.0,1.0,0.0,0.0,0.0,0.0,0.0,0.0,0.0,0.0,0.0,0.0,0.0,0.0,1.0,0.0,0.0,0.0,0.0,0.0,0.0,0.0,0.0,1.0,0.0,0.0,0.0,0.0,0.0,1.0,0.0,0
0.3786595878758657,0.2260107607513295,0.1564795099047048,0.3073506859676265,0.4858629249577042,0.7755372077394043,1.0,0.7077062533135647,0.2866640174954511,0.02616734717791945,0.0,0.0,0.0,0.0,0.0,1.0,0.0,0.0,0.0,0.0,0.0,0.0,0.0,0.0,0.0,0.0,0.0,0.0,1.0,0.0,0.0,0.0,0.0,0.0,0.0,0.0,0.0,1.0,0.0,1.0,0.0,0.0,0.0,1.0,0.0,1
0.3274662023900394,0.19921925629863085,0.13527176042138855,0.2577283451818821,0.44805620216782227,0.659502553744318,1.0,0.6149078628973598,0.2586010331225945,0.02229201799887307,0.0,0.0,0.0,0.0,0.0,1.0,0.0,0.0,0.0,0.0,0.0,0.0,0.0,0.0,0.0,0.0,0.0,0.0,1.0,0.0,0.0,0.0,0.0,0.0,0.0,0.0,0.0,1.0,0.0,1.0,0.0,0.0,0.0,1.0,0.0,0
0.4172175972610236,0.26946801942211784,0.17212944917823567,0.29482311297434016,0.6867476397866488,0.7937659760386743,1.0,0.7954157570572891,0.3739251093992868,0.02699848205865146,0.0,0.0,0.0,0.0,0.0,1.0,0.0,0.0,0.0,0.0,0.0,0.0,1.0,0.0,0.0,0.0,0.0,0.0,1.0,0.0,0.0,0.0,0.0,1.0,0.0,0.0,0.0,1.0,0.0,1.0,0.0,0.0,0.0,1.0,0.0,0
0.3112673327559144,0.16927100132209066,0.1288593720060359,0.28805392062510365,0.27707167043089953,0.6865820259226989,1.0,0.5691122111035903,0.18873132886587762,0.02299135338827127,0.0,1.0,0.0,0.0,0.0,1.0,0.0,0.0,0.0,0.0,0.0,0.0,0.0,0.0,0.0,0.0,0.0,0.0,1.0,0.0,0.0,0.0,1.0,0.0,0.0,0.0,0.0,1.0,0.0,1.0,0.0,0.0,0.0,0.0,0.0,0
0.3897551124440261,0.2430800030286438,0.16091956319643239,0.29396199319992344,0.5774720773366416,0.7672220981963106,1.0,0.736438530941407,0.32473865962564824,0.025997206445395164,0.0,0.0,0.0,0.0,0.0,1.0,0.0,0.0,0.0,0.0,0.0,0.0,0.0,0.0,0.0,0.0,0.0,0.0,1.0,0.0,0.0,0.0,0.0,0.0,0.0,0.0,0.0,1.0,0.0,1.0,0.0,0.0,0.0,1.0,0.0,0
0.24842432034396,0.15460631689162593,0.10257239826685538,0.18807328402056314,0.36563280663254466,0.48999508199450886,1.0,0.46914327165807024,0.20604809448320133,0.016599787865474523,0.0,0.0,0.0,0.0,0.0,0.0,0.0,0.0,0.0,0.0,0.0,0.0,0.0,0.0,0.0,0.0,0.0,0.0,1.0,0.0,0.0,0.0,0.0,0.0,0.0,0.0,0.0,1.0,0.0,0.0,0.0,0.0,0.0,1.0,0.0,0
0.4480764885744231,0.24857097851824164,0.18542793936506477,0.4041528431186103,0.4351534712710754,0.9737869372766785,1.0,0.82300130468968,0.2856062386033549,0.032656997403567194,0.0,1.0,0.0,0.0,0.0,1.0,0.0,0.0,0.0,0.0,0.0,0.0,0.0,0.0,0.0,0.0,0.0,0.0,1.0,0.0,0.0,0.0,1.0,0.0,0.0,0.0,0.0,1.0,0.0,1.0,0.0,0.0,0.0,1.0,0.0,0
0.3495259318317323,0.21361115933235927,0.1443708331863809,0.27300752827021046,0.4854349333298948,0.7010432258505539,1.0,0.6570745900325916,0.2787813603271279,0.02370658797509477,0.0,0.0,0.0,0.0,0.0,1.0,0.0,0.0,0.0,0.0,0.0,0.0,0.0,0.0,0.0,0.0,0.0,0.0,1.0,0.0,0.0,0.0,0.0,0.0,0.0,0.0,0.0,1.0,0.0,1.0,0.0,0.0,0.0,1.0,0.0,0
0.30576403609734554,0.17588423075250811,0.12644765315470838,0.2623684702970536,0.3433190169658227,0.6459009140356269,1.0,0.566401762834469,0.2126813036716822,0.02172335434396573,0.0,0.0,0.0,0.0,0.0,1.0,0.0,0.0,0.0,0.0,0.0,0.0,0.0,0.0,0.0,0.0,0.0,0.0,1.0,0.0,0.0,0.0,0.0,0.0,0.0,0.0,0.0,1.0,0.0,1.0,0.0,0.0,0.0,0.0,0.0,0
0.28393459139631466,0.19103008521995127,0.11703531126407922,0.1842501135608903,0.5239869719155684,0.5174751702833823,1.0,0.5471659671269046,0.2761899022416939,0.01768795598653513,0.0,0.0,0.0,0.0,0.0,0.0,0.0,0.0,0.0,0.0,0.0,0.0,0.0,0.0,0.0,0.0,0.0,0.0,1.0,0.0,0.0,0.0,0.0,1.0,0.0,0.0,0.0,1.0,0.0,0.0,0.0,0.0,0.0,1.0,0.0,1
0.3562941033019026,0.24402739301914833,0.14680132574704463,0.22195720967466262,0.6894749436309145,0.6365330402446064,1.0,0.689910524395236,0.35883038685076324,0.0218087482132756,0.0,0.0,0.0,0.0,0.0,1.0,0.0,0.0,0.0,0.0,0.0,0.0,1.0,0.0,0.0,0.0,0.0,0.0,1.0,0.0,0.0,0.0,0.0,1.0,0.0,0.0,0.0,1.0,0.0,0.0,0.0,0.0,0.0,1.0,0.0,0
0.3114050506956157,0.19367395174520555,0.1285784159722164,0.2360287706833653,0.45737822150122487,0.6146001825911912,1.0,0.5879826697366609,0.25792117518469815,0.02081968400081168,0.0,0.0,0.0,0.0,0.0,1.0,0.0,0.0,0.0,0.0,0.0,0.0,0.0,0.0,0.0,0.0,0.0,0.0,1.0,0.0,0.0,0.0,0.0,0.0,0.0,0.0,0.0,1.0,0.0,0.0,0.0,0.0,0.0,1.0,0.0,0
0.34959178553321646,0.20666192443616183,0.14449513278429607,0.28804247096894553,0.4337593180262156,0.7219430554987117,1.0,0.6518492247520388,0.2589795471411644,0.024337900332965203,0.0,0.0,0.0,0.0,0.0,1.0,0.0,0.0,0.0,0.0,0.0,0.0,0.0,0.0,0.0,0.0,0.0,0.0,1.0,0.0,0.0,0.0,0.0,0.0,0.0,0.0,0.0,1.0,0.0,1.0,0.0,0.0,0.0,1.0,0.0,0
0.4009657410864312,0.26717362300017433,0.1653105535165609,0.26575569232503776,0.7207456178134,0.738475433789168,1.0,0.7707092273053994,0.38265875089288526,0.02521120600015914,0.0,0.0,0.0,0.0,0.0,1.0,0.0,0.0,0.0,0.0,0.0,0.0,1.0,0.0,0.0,0.0,0.0,0.0,1.0,0.0,0.0,0.0,0.0,1.0,0.0,0.0,0.0,1.0,0.0,1.0,0.0,0.0,0.0,1.0,0.0,1
0.37519131712747433,0.21173423803699915,0.15521583462809563,0.3307027181010989,0.39100683887667215,0.8047025477937395,1.0,0.6918823656818418,0.24936479404399237,0.02702239377672576,0.0,1.0,0.0,0.0,0.0,1.0,0.0,0.0,0.0,0.0,0.0,0.0,0.0,0.0,0.0,0.0,0.0,0.0,1.0,0.0,0.0,0.0,1.0,0.0,0.0,0.0,0.0,1.0,0.0,1.0,0.0,0.0,0.0,1.0,0.0,1
0.3792813972828149,0.2365703431632754,0.15659493074574635,0.2860142059655218,0.5621207247751145,0.7465379662170339,1.0,0.7166657823700466,0.3160760745179154,0.025296575383900673,0.0,0.0,0.0,0.0,0.0,1.0,0.0,0.0,0.0,0.0,0.0,0.0,0.0,0.0,0.0,0.0,0.0,0.0,1.0,0.0,0.0,0.0,0.0,0.0,0.0,0.0,0.0,1.0,0.0,1.0,0.0,0.0,0.0,1.0,0.0,1
0.44421266081566896,0.22228714395885504,0.1841643292255395,0.45241802520250646,0.25260720263790004,1.0371177797721383,1.0,0.7974294267969771,0.2145702137924488,0.034540400686380826,0.0,1.0,0.0,0.0,0.0,1.0,0.0,0.0,0.0,0.0,0.0,0.0,0.0,0.0,0.0,0.0,0.0,0.0,1.0,0.0,0.0,0.0,1.0,0.0,0.0,0.0,0.0,1.0,0.0,1.0,0.0,0.0,0.0,0.0,1.0,0
0.36374120784720004,0.24674995961817672,0.149902738630091,0.2316942083730342,0.6862736572468763,0.656903259504103,1.0,0.7025108214886222,0.35957558499805364,0.02247785307584401,0.0,0.0,0.0,0.0,0.0,1.0,0.0,0.0,0.0,0.0,0.0,0.0,1.0,0.0,0.0,0.0,0.0,0.0,1.0,0.0,0.0,0.0,0.0,1.0,0.0,0.0,0.0,1.0,0.0,1.0,0.0,0.0,0.0,1.0,0.0,1
0.25912973851810156,0.1464760172473341,0.10719808271376208,0.2278896159747453,0.2718273970280849,0.5550641929870583,1.0,0.47803902757554084,0.17290693746947006,0.018641806501037174,0.0,0.0,0.0,0.0,0.0,0.0,0.0,0.0,0.0,0.0,0.0,0.0,0.0,0.0,0.0,0.0,0.0,0.0,1.0,0.0,0.0,0.0,0.0,0.0,0.0,0.0,0.0,1.0,0.0,0.0,0.0,0.0,0.0,0.0,0.0,1
0.4196861731205554,0.26887035111794905,0.17317834981434882,0.30126664691897664,0.6745757363303292,0.8049756920149342,1.0,0.7984444319812818,0.36991080377935887,0.027354817356684456,0.0,0.0,0.0,0.0,0.0,1.0,0.0,0.0,0.0,0.0,0.0,0.0,0.0,0.0,0.0,0.0,0.0,0.0,1.0,0.0,0.0,0.0,0.0,1.0,0.0,0.0,0.0,1.0,0.0,1.0,0.0,0.0,0.0,1.0,0.0,0
0.3154176831502126,0.22382294679963638,0.12985105752656534,0.1797889394415864,0.668084631474224,0.5403535127532315,1.0,0.616722757382727,0.33979694317667053,0.01860788566508271,0.0,0.0,0.0,0.0,0.0,1.0,0.0,0.0,0.0,0.0,0.0,0.0,1.0,0.0,0.0,0.0,0.0,0.0,1.0,0.0,0.0,0.0,0.0,1.0,0.0,0.0,0.0,1.0,0.0,0.0,0.0,0.0,0.0,1.0,0.0,0
0.35921788634553115,0.21004492952640708,0.14850589979131487,0.30092040174747553,0.42861277805426773,0.7486781426347622,1.0,0.668032107105332,0.25955596912623574,0.025214995619579784,0.0,1.0,0.0,0.0,0.0,1.0,0.0,0.0,0.0,0.0,0.0,0.0,0.0,0.0,0.0,0.0,0.0,0.0,1.0,0.0,0.0,0.0,0.0,0.0,0.0,0.0,0.0,1.0,0.0,1.0,0.0,0.0,0.0,1.0,0.0,0
0.41448404640662895,0.2608599992939578,0.17109673835938163,0.3075599005032347,0.6315696680212102,0.8088963684469154,1.0,0.7849676256058995,0.3520383712358951,0.02743525609642545,0.0,0.0,0.0,0.0,0.0,1.0,0.0,0.0,0.0,0.0,0.0,0.0,0.0,0.0,0.0,0.0,0.0,0.0,1.0,0.0,0.0,0.0,0.0,1.0,0.0,0.0,0.0,1.0,0.0,1.0,0.0,0.0,0.0,1.0,0.0,0
0.16084109103008504,0.11124594396481322,0.06625513556390496,0.09787135687583276,0.31928548475976065,0.2841243922506746,0.0,0.3122753467817586,0.16506859313277997,0.009747753840877943,0.0,0.0,0.0,0.0,0.0,0.0,0.0,0.0,0.0,0.0,0.0,0.0,0.0,0.0,0.0,0.0,0.0,0.0,0.0,0.0,0.0,0.0,0.0,0.0,0.0,0.0,0.0,0.0,0.0,0.0,0.0,0.0,0.0,0.0,0.0,0
0.375681225499721,0.20949245228934135,0.15545349268031441,0.3365329829914256,0.37286609892185363,0.8132357608245825,1.0,0.6908585306543451,0.24253703055196582,0.027283526413083542,0.0,1.0,0.0,0.0,0.0,1.0,0.0,0.0,0.0,0.0,0.0,0.0,0.0,0.0,0.0,0.0,0.0,0.0,1.0,0.0,0.0,0.0,1.0,0.0,0.0,0.0,0.0,1.0,0.0,1.0,0.0,0.0,0.0,1.0,0.0,0
0.45530230540214156,0.2524810122339857,0.18841957467118994,0.4108814841362576,0.44144137699344776,0.9897831823288155,1.0,0.8361978910284578,0.2899322203127629,0.033192467630447205,0.0,1.0,0.0,0.0,0.0,1.0,0.0,0.0,0.0,0.0,0.0,0.0,0.0,0.0,0.0,0.0,0.0,0.0,1.0,0.0,0.0,0.0,1.0,0.0,0.0,0.0,0.0,1.0,0.0,1.0,0.0,0.0,0.0,1.0,0.0,0
0.33122884343050457,0.1858004290483915,0.13704427169570157,0.2943630381990996,0.3368651182026101,0.7137529794918349,1.0,0.609951752402382,0.21695253023834155,0.023956906077869083,0.0,1.0,0.0,0.0,0.0,1.0,0.0,0.0,0.0,0.0,0.0,0.0,0.0,0.0,0.0,0.0,0.0,0.0,1.0,0.0,0.0,0.0,1.0,0.0,0.0,0.0,0.0,1.0,0.0,1.0,0.0,0.0,0.0,0.0,0.0,0
0.43413576840372065,0.25346858401244815,0.17948336227693512,0.36450082839869025,0.5151671408190133,0.9059591033955104,1.0,0.8070626776092296,0.31260067693494903,0.030508138865950822,0.0,1.0,0.0,0.0,0.0,1.0,0.0,0.0,0.0,0.0,0.0,0.0,0.0,0.0,0.0,0.0,0.0,0.0,1.0,0.0,0.0,0.0,1.0,0.0,0.0,0.0,0.0,1.0,0.0,1.0,0.0,0.0,0.0,1.0,0.0,0
0.38407985602243827,0.1959036356719399,0.15918260972326834,0.3832268921676855,0.24587028276404166,0.8857081015620747,1.0,0.6923191888520139,0.19605513791087917,0.029532194624241503,0.0,1.0,0.0,0.0,0.0,1.0,0.0,0.0,0.0,0.0,0.0,0.0,0.0,0.0,0.0,0.0,0.0,0.0,1.0,0.0,0.0,0.0,1.0,0.0,0.0,0.0,0.0,1.0,0.0,1.0,0.0,0.0,0.0,0.0,0.0,1
0.43680348983268574,0.2817828371687882,0.1802145616586615,0.3093816889035049,0.7165044162344465,0.8320242845806924,1.0,0.8324993472374925,0.3905267673207605,0.028295954617012217,0.0,0.0,0.0,0.0,0.0,1.0,0.0,0.0,0.0,0.0,0.0,0.0,1.0,0.0,0.0,0.0,0.0,0.0,1.0,0.0,0.0,0.0,0.0,1.0,0.0,0.0,0.0,1.0,0.0,1.0,0.0,0.0,0.0,1.0,0.0,0
0.35594847497383136,0.22141468813517381,0.14696976936679668,0.269709787195922,0.5230800462949394,0.7024010049018976,1.0,0.6721165623931512,0.2949210244477955,0.02379436380995194,0.0,0.0,0.0,0.0,0.0,1.0,0.0,0.0,0.0,0.0,0.0,0.0,0.0,0.0,0.0,0.0,0.0,0.0,1.0,0.0,0.0,0.0,0.0,0.0,0.0,0.0,0.0,1.0,0.0,1.0,0.0,0.0,0.0,1.0,0.0,0
0.33369761407379833,0.20802299387055406,0.13777623244463125,0.25188673923455956,0.49370897489287896,0.6571580013973973,1.0,0.6304453987862859,0.27776125494325987,0.02226665152232052,0.0,0.0,0.0,0.0,0.0,1.0,0.0,0.0,0.0,0.0,0.0,0.0,0.0,0.0,0.0,0.0,0.0,0.0,1.0,0.0,0.0,0.0,0.0,0.0,0.0,0.0,0.0,1.0,0.0,1.0,0.0,0.0,0.0,1.0,0.0,0
0.30351235742281774,0.17808724223443057,0.12546788119400942,0.2529371031138195,0.3667002470840537,0.6307501554365689,1.0,0.5649079816729426,0.22105221003499817,0.021249644366210223,0.0,0.0,0.0,0.0,0.0,1.0,0.0,0.0,0.0,0.0,0.0,0.0,0.0,0.0,0.0,0.0,0.0,0.0,1.0,0.0,0.0,0.0,0.0,0.0,0.0,0.0,0.0,1.0,0.0,0.0,0.0,0.0,0.0,1.0,0.0,0
0.31724924568124846,0.20541201577934814,0.1308788974770432,0.22308703432728033,0.5259787840308232,0.6020571256703608,1.0,0.6052190727602609,0.28578002524585905,0.020483668544508657,0.0,0.0,0.0,0.0,0.0,1.0,0.0,0.0,0.0,0.0,0.0,0.0,0.0,0.0,0.0,0.0,0.0,0.0,1.0,0.0,0.0,0.0,0.0,0.0,0.0,0.0,0.0,1.0,0.0,0.0,0.0,0.0,0.0,1.0,0.0,0
0.2713703453615956,0.1573337041032535,0.1122071231623011,0.23021137465057748,0.3138383528158054,0.5695814201738796,1.0,0.5036345660130447,0.1922624480985978,0.019169171196720736,0.0,0.0,0.0,0.0,0.0,0.0,0.0,0.0,0.0,0.0,0.0,0.0,0.0,0.0,0.0,0.0,0.0,0.0,1.0,0.0,0.0,0.0,0.0,0.0,0.0,0.0,0.0,1.0,0.0,0.0,0.0,0.0,0.0,0.0,0.0,1
0.2658593678886184,0.15894801052234184,0.10986161232343325,0.21522616437123612,0.3430856443106109,0.5437241851955031,1.0,0.4970875137655671,0.20201967714712069,0.018348554492720236,0.0,0.0,0.0,0.0,0.0,0.0,0.0,0.0,0.0,0.0,0.0,0.0,0.0,0.0,0.0,0.0,0.0,0.0,1.0,0.0,0.0,0.0,0.0,0.0,0.0,0.0,0.0,1.0,0.0,0.0,0.0,0.0,0.0,0.0,0.0,0
0.469244849311007,0.2779209035208477,0.19394346761834869,0.3855021474848565,0.586114414723393,0.9674766073189832,1.0,0.8753568743591977,0.34911284219691846,0.03262075650553523,0.0,1.0,0.0,0.0,0.0,1.0,0.0,0.0,0.0,0.0,0.0,0.0,0.0,0.0,0.0,0.0,0.0,0.0,1.0,0.0,0.0,0.0,0.0,0.0,0.0,0.0,0.0,1.0,0.0,1.0,0.0,0.0,0.0,1.0,0.0,0
0.29007460866665574,0.1808120402736383,0.11976551046617438,0.21899480049171458,0.42904307316271184,0.5713005018800095,1.0,0.5480167571795882,0.24140256613598748,0.019357334190576152,0.0,0.0,0.0,0.0,0.0,0.0,0.0,0.0,0.0,0.0,0.0,0.0,0.0,0.0,0.0,0.0,0.0,0.0,1.0,0.0,0.0,0.0,0.0,0.0,0.0,0.0,0.0,1.0,0.0,0.0,0.0,0.0,0.0,1.0,0.0,0
0.4003449680121029,0.2541295041770704,0.16523008506975936,0.2924204953597382,0.6260830309977645,0.774860903917895,1.0,0.7598497055256545,0.34618814081065913,0.02630492847877451,0.0,0.0,0.0,0.0,0.0,1.0,0.0,0.0,0.0,0.0,0.0,0.0,0.0,0.0,0.0,0.0,0.0,0.0,1.0,0.0,0.0,0.0,0.0,1.0,0.0,0.0,0.0,1.0,0.0,1.0,0.0,0.0,0.0,1.0,0.0,1
0.28119635109389934,0.15578784149668026,0.11637063017208103,0.25407347075129566,0.27155930357495267,0.611725536379112,1.0,0.5163276078531363,0.17865032047922022,0.02051282325644674,0.0,0.0,0.0,0.0,0.0,0.0,0.0,0.0,0.0,0.0,0.0,0.0,0.0,0.0,0.0,0.0,0.0,0.0,1.0,0.0,0.0,0.0,0.0,0.0,0.0,0.0,0.0,1.0,0.0,0.0,0.0,0.0,0.0,0.0,0.0,1
0.3866054249923314,0.21322577507261248,0.16000659052934116,0.3513745209094179,0.36624129204066336,0.8438907483893776,1.0,0.7091426693985852,0.2428904006802351,0.028288396136412645,0.0,1.0,0.0,0.0,0.0,1.0,0.0,0.0,0.0,0.0,0.0,0.0,0.0,0.0,0.0,0.0,0.0,0.0,1.0,0.0,0.0,0.0,1.0,0.0,0.0,0.0,0.0,1.0,0.0,1.0,0.0,0.0,0.0,1.0,0.0,0
0.31296046324975113,0.1914802014473105,0.12926455687002933,0.2439842489990362,0.43625016389245364,0.6270625833869048,1.0,0.5885002836361349,0.2502299680604006,0.021207176770298573,0.0,0.0,0.0,0.0,0.0,1.0,0.0,0.0,0.0,0.0,0.0,0.0,0.0,0.0,0.0,0.0,0.0,0.0,1.0,0.0,0.0,0.0,0.0,0.0,0.0,0.0,0.0,1.0,0.0,0.0,0.0,0.0,0.0,1.0,0.0,0
0.3650941912487569,0.22848071489547309,0.1507268711179081,0.2736877599441897,0.5467187720453035,0.7163569510803064,1.0,0.6904397305132156,0.3064102510233539,0.024282238363987615,0.0,0.0,0.0,0.0,0.0,1.0,0.0,0.0,0.0,0.0,0.0,0.0,0.0,0.0,0.0,0.0,0.0,0.0,1.0,0.0,0.0,0.0,0.0,0.0,0.0,0.0,0.0,1.0,0.0,1.0,0.0,0.0,0.0,1.0,0.0,0
0.31049980734584215,0.17215745846455577,0.12849573204298637,0.28026110511236596,0.3008581629708574,0.6750723727094159,1.0,0.5702373776689685,0.19765086970130624,0.02263835835308501,0.0,1.0,0.0,0.0,0.0,1.0,0.0,0.0,0.0,0.0,0.0,0.0,0.0,0.0,0.0,0.0,0.0,0.0,1.0,0.0,0.0,0.0,1.0,0.0,0.0,0.0,0.0,1.0,0.0,1.0,0.0,0.0,0.0,0.0,0.0,1
0.3749282285663572,0.23686164219609313,0.15475585933511285,0.27628637189278793,0.577936559501495,0.7290364291223739,1.0,0.7107412485456768,0.32098865141240773,0.024736599431859064,0.0,0.0,0.0,0.0,0.0,1.0,0.0,0.0,0.0,0.0,0.0,0.0,0.0,0.0,0.0,0.0,0.0,0.0,1.0,0.0,0.0,0.0,0.0,0.0,0.0,0.0,0.0,1.0,0.0,1.0,0.0,0.0,0.0,1.0,0.0,0
0.37449447984475415,0.2460274638488595,0.15444568497843184,0.255730338919475,0.6471834554661725,0.7001445442509878,1.0,0.7171434688049273,0.3474321476783936,0.023861377501176825,0.0,0.0,0.0,0.0,0.0,1.0,0.0,0.0,0.0,0.0,0.0,0.0,1.0,0.0,0.0,0.0,0.0,0.0,1.0,0.0,0.0,0.0,0.0,1.0,0.0,0.0,0.0,1.0,0.0,1.0,0.0,0.0,0.0,1.0,0.0,0
0.2792256543967718,0.18860074382241174,0.1150840656490632,0.17961059221247275,0.520768830348989,0.5066978351788337,1.0,0.5386568730052093,0.2737080819220972,0.01732834876293521,0.0,0.0,0.0,0.0,0.0,0.0,0.0,0.0,0.0,0.0,0.0,0.0,0.0,0.0,0.0,0.0,0.0,0.0,1.0,0.0,0.0,0.0,0.0,1.0,0.0,0.0,0.0,1.0,0.0,0.0,0.0,0.0,0.0,1.0,0.0,1
0.3604121252732735,0.20399888434171023,0.14909330903707987,0.31637884187947335,0.3800861886138217,0.7712065574475611,1.0,0.665091453773067,0.2412608567148136,0.025903685727301985,0.0,1.0,0.0,0.0,0.0,1.0,0.0,0.0,0.0,0.0,0.0,0.0,0.0,0.0,0.0,0.0,0.0,0.0,1.0,0.0,0.0,0.0,1.0,0.0,0.0,0.0,0.0,1.0,0.0,1.0,0.0,0.0,0.0,1.0,0.0,1
0.3556907904325646,0.18155334582229798,0.14741490518495262,0.35462256012324544,0.22865846036568557,0.8198556885611176,1.0,0.6412461297054427,0.18193260960687416,0.027337694184023546,0.0,1.0,0.0,0.0,0.0,1.0,0.0,0.0,0.0,0.0,0.0,0.0,0.0,0.0,0.0,0.0,0.0,0.0,1.0,0.0,0.0,0.0,1.0,0.0,0.0,0.0,0.0,1.0,0.0,1.0,0.0,0.0,0.0,0.0,0.0,1
0.3357460043015,0.20859411474908707,0.13863177201503354,0.25494601941040596,0.49151198194528467,0.6632891353594639,1.0,0.6337751882269321,0.2774613266050741,0.022466635445176023,0.0,0.0,0.0,0.0,0.0,1.0,0.0,0.0,0.0,0.0,0.0,0.0,0.0,0.0,0.0,0.0,0.0,0.0,1.0,0.0,0.0,0.0,0.0,0.0,0.0,0.0,0.0,1.0,0.0,1.0,0.0,0.0,0.0,1.0,0.0,0
0.289105663876044,0.13868291822684548,0.11994232761454604,0.30728167190236005,0.12005696940660296,0.6927752661231772,1.0,0.5144063262486359,0.12263975305604455,0.02301682308284959,0.0,1.0,0.0,0.0,0.0,1.0,0.0,0.0,0.0,0.0,0.0,0.0,0.0,0.0,0.0,0.0,0.0,0.0,1.0,0.0,0.0,0.0,1.0,0.0,0.0,0.0,0.0,1.0,0.0,1.0,0.0,0.0,0.0,0.0,0.0,1
0.4001180844850225,0.23787229122363987,0.1653602926796813,0.3267969835385286,0.5063870457336694,0.8222986779411092,1.0,0.7470873944531708,0.30022077237771716,0.02773511931012714,0.0,1.0,0.0,0.0,0.0,1.0,0.0,0.0,0.0,0.0,0.0,0.0,0.0,0.0,0.0,0.0,0.0,0.0,1.0,0.0,0.0,0.0,0.0,0.0,0.0,0.0,0.0,1.0,0.0,1.0,0.0,0.0,0.0,1.0,0.0,0
0.39331757321181776,0.2324560395513234,0.16256886428917502,0.3241866566512588,0.48760902411884566,0.8124031785036939,1.0,0.7333386841233257,0.2912171076892583,0.027386890360979868,0.0,1.0,0.0,0.0,0.0,1.0,0.0,0.0,0.0,0.0,0.0,0.0,0.0,0.0,0.0,0.0,0.0,0.0,1.0,0.0,0.0,0.0,0.0,0.0,0.0,0.0,0.0,1.0,0.0,1.0,0.0,0.0,0.0,1.0,0.0,0
0.3611848011700095,0.22135916304015457,0.14917784952683902,0.2807790511244983,0.5062394897979249,0.7225770516005829,1.0,0.6794687176042278,0.2898494126296067,0.02444150062811032,0.0,0.0,0.0,0.0,0.0,1.0,0.0,0.0,0.0,0.0,0.0,0.0,0.0,0.0,0.0,0.0,0.0,0.0,1.0,0.0,0.0,0.0,0.0,0.0,0.0,0.0,0.0,1.0,0.0,1.0,0.0,0.0,0.0,1.0,0.0,1
0.33474798470674866,0.1894699423620579,0.13847674493310416,0.2938558682595229,0.35300156293421536,0.716298503669529,1.0,0.6177297613230532,0.22407371735572912,0.024059378857070865,0.0,1.0,0.0,0.0,0.0,1.0,0.0,0.0,0.0,0.0,0.0,0.0,0.0,0.0,0.0,0.0,0.0,0.0,1.0,0.0,0.0,0.0,0.0,0.0,0.0,0.0,0.0,1.0,0.0,1.0,0.0,0.0,0.0,1.0,0.0,0
0.4264919775526089,0.2281681748907556,0.1766126933751917,0.40275314036318416,0.35176442009023373,0.9519224573498086,1.0,0.77690543260012,0.2479053759314164,0.03183978850953037,0.0,1.0,0.0,0.0,0.0,1.0,0.0,0.0,0.0,0.0,0.0,0.0,0.0,0.0,0.0,0.0,0.0,0.0,1.0,0.0,0.0,0.0,1.0,0.0,0.0,0.0,0.0,1.0,0.0,1.0,0.0,0.0,0.0,1.0,0.0,0
0.30745110191317154,0.20630104301528598,0.1267362601874789,0.20069127587856891,0.5633056118839896,0.5619711320497492,1.0,0.5920626902893308,0.2975001983179912,0.01920234107516957,0.0,0.0,0.0,0.0,0.0,1.0,0.0,0.0,0.0,0.0,0.0,0.0,0.0,0.0,0.0,0.0,0.0,0.0,1.0,0.0,0.0,0.0,0.0,1.0,0.0,0.0,0.0,1.0,0.0,0.0,0.0,0.0,0.0,1.0,0.0,0
0.41641959905446163,0.2311160600822818,0.17232585385968432,0.37537028127441274,0.40520045663761695,0.9046709966405555,1.0,0.7649374581304211,0.26573129430711695,0.0303401832783253,0.0,1.0,0.0,0.0,0.0,1.0,0.0,0.0,0.0,0.0,0.0,0.0,0.0,0.0,0.0,0.0,0.0,0.0,1.0,0.0,0.0,0.0,1.0,0.0,0.0,0.0,0.0,1.0,0.0,1.0,0.0,0.0,0.0,1.0,0.0,0
0.3047402284618945,0.17420674034934938,0.1260393835996508,0.2638235516631653,0.334107071222442,0.6469726498050925,1.0,0.5636721486141248,0.20887698437446953,0.02174824398897732,0.0,0.0,0.0,0.0,0.0,1.0,0.0,0.0,0.0,0.0,0.0,0.0,0.0,0.0,0.0,0.0,0.0,0.0,1.0,0.0,0.0,0.0,0.0,0.0,0.0,0.0,0.0,1.0,0.0,1.0,0.0,0.0,0.0,0.0,0.0,0
0.2804263359258224,0.17106982678549748,0.11583374020331963,0.21970287984036185,0.3871601716538811,0.5633757095083219,1.0,0.5269357581672357,0.22278296700351877,0.019047840196097086,0.0,0.0,0.0,0.0,0.0,0.0,0.0,0.0,0.0,0.0,0.0,0.0,0.0,0.0,0.0,0.0,0.0,0.0,1.0,0.0,0.0,0.0,0.0,0.0,0.0,0.0,0.0,1.0,0.0,0.0,0.0,0.0,0.0,1.0,0.0,0
0.3391877368224172,0.1811358134890578,0.1404640466702767,0.3210063588400256,0.2773454419427182,0.7580284740254108,1.0,0.617621257951565,0.1962334054371671,0.025351287512787448,0.0,1.0,0.0,0.0,0.0,1.0,0.0,0.0,0.0,0.0,0.0,0.0,0.0,0.0,0.0,0.0,0.0,0.0,1.0,0.0,0.0,0.0,1.0,0.0,0.0,0.0,0.0,1.0,0.0,1.0,0.0,0.0,0.0,0.0,0.0,1
0.4094159191798393,0.21873886044225266,0.1695454847493062,0.38725742576817773,0.335504142691029,0.9146820381328967,1.0,0.7455745096628316,0.23714500087313042,0.03059132560210404,0.0,1.0,0.0,0.0,0.0,1.0,0.0,0.0,0.0,0.0,0.0,0.0,0.0,0.0,0.0,0.0,0.0,0.0,1.0,0.0,0.0,0.0,1.0,0.0,0.0,0.0,0.0,1.0,0.0,1.0,0.0,0.0,0.0,0.0,0.0,0
0.4133187385693712,0.26757208869968185,0.17051227187524554,0.29073414744421905,0.6849384916170068,0.7844995084088078,1.0,0.7884588694238889,0.37219830099001444,0.026690380328972543,0.0,0.0,0.0,0.0,0.0,1.0,0.0,0.0,0.0,0.0,0.0,0.0,1.0,0.0,0.0,0.0,0.0,0.0,1.0,0.0,0.0,0.0,0.0,1.0,0.0,0.0,0.0,1.0,0.0,1.0,0.0,0.0,0.0,1.0,0.0,0
0.3461794866786063,0.21696401701124582,0.14291360207344883,0.2588218287163562,0.5207673154096427,0.6782922022046798,1.0,0.6549147945839154,0.29144587642190206,0.022995498256035446,0.0,0.0,0.0,0.0,0.0,1.0,0.0,0.0,0.0,0.0,0.0,0.0,0.0,0.0,0.0,0.0,0.0,0.0,1.0,0.0,0.0,0.0,0.0,0.0,0.0,0.0,0.0,1.0,0.0,1.0,0.0,0.0,0.0,1.0,0.0,0
0.28100564047047377,0.19268952808540168,0.11577759486395464,0.1745676911046768,0.5454672869548536,0.5013512559949668,1.0,0.5442997518597433,0.2836523138090573,0.017179938198085967,0.0,0.0,0.0,0.0,0.0,0.0,0.0,0.0,0.0,0.0,0.0,0.0,0.0,0.0,0.0,0.0,0.0,0.0,1.0,0.0,0.0,0.0,0.0,1.0,0.0,0.0,0.0,1.0,0.0,0.0,0.0,0.0,0.0,1.0,0.0,1
0.3495686360356542,0.22076394139443653,0.1442894671292574,0.257763253870899,0.5382774981967658,0.6799534626301296,1.0,0.6626090368773093,0.29905949692086314,0.023070333661495506,0.0,0.0,0.0,0.0,0.0,1.0,0.0,0.0,0.0,0.0,0.0,0.0,0.0,0.0,0.0,0.0,0.0,0.0,1.0,0.0,0.0,0.0,0.0,0.0,0.0,0.0,0.0,1.0,0.0,1.0,0.0,0.0,0.0,1.0,0.0,1
0.3327645206054032,0.22117043628449887,0.1372002522073755,0.22175098503996818,0.594012177585723,0.6145272942268599,1.0,0.6391896522835668,0.31598354983851823,0.02097310406032079,0.0,0.0,0.0,0.0,0.0,1.0,0.0,0.0,0.0,0.0,0.0,0.0,0.0,0.0,0.0,0.0,0.0,0.0,1.0,0.0,0.0,0.0,0.0,1.0,0.0,0.0,0.0,1.0,0.0,0.0,0.0,0.0,0.0,1.0,0.0,0
0.23696699255272355,0.14938837939826768,0.09781519123495797,0.1752994668371223,0.3629346490162297,0.4617139141633153,0.0,0.4489700584953128,0.2019778236471134,0.01566268437237845,0.0,0.0,0.0,0.0,0.0,0.0,0.0,0.0,0.0,0.0,0.0,0.0,0.0,0.0,0.0,0.0,0.0,0.0,1.0,0.0,0.0,0.0,0.0,0.0,0.0,0.0,0.0,1.0,0.0,0.0,0.0,0.0,0.0,1.0,0.0,0
0.35744323482878454,0.23536502302332848,0.14740606688829339,0.2429299945332334,0.6217122651056781,0.6666629224864553,1.0,0.6849038551450687,0.3331456652350317,0.022726549500479414,0.0,0.0,0.0,0.0,0.0,1.0,0.0,0.0,0.0,0.0,0.0,0.0,0.0,0.0,0.0,0.0,0.0,0.0,1.0,0.0,0.0,0.0,0.0,1.0,0.0,0.0,0.0,1.0,0.0,1.0,0.0,0.0,0.0,1.0,0.0,0
0.2875550116737473,0.19342023299498454,0.11852825054873181,0.18669734311455025,0.5303301208182244,0.5242091016467754,1.0,0.5541078812040664,0.2795818777997962,0.01791758796114521,0.0,0.0,0.0,0.0,0.0,0.0,0.0,0.0,0.0,0.0,0.0,0.0,0.0,0.0,0.0,0.0,0.0,0.0,1.0,0.0,0.0,0.0,0.0,1.0,0.0,0.0,0.0,1.0,0.0,0.0,0.0,0.0,0.0,1.0,0.0,0
0.23055960876868664,0.14820401241539957,0.09513069093696831,0.1644392651386686,0.3742663057497469,0.44074664525835405,0.0,0.43901524635408634,0.20462634179035333,0.01498313355076052,0.0,0.0,0.0,0.0,0.0,0.0,0.0,0.0,0.0,0.0,0.0,0.0,0.0,0.0,0.0,0.0,0.0,0.0,1.0,0.0,0.0,0.0,0.0,0.0,0.0,0.0,0.0,1.0,0.0,0.0,0.0,0.0,0.0,1.0,0.0,0
0.41485730042748864,0.2805832862979663,0.17098008022329253,0.2660592032187149,0.7764776278154493,0.7517192645231422,1.0,0.8005892815324046,0.4077141211761125,0.025712163431499242,0.0,0.0,0.0,0.0,0.0,1.0,0.0,0.0,0.0,0.0,0.0,0.0,1.0,0.0,0.0,0.0,0.0,0.0,1.0,0.0,0.0,0.0,0.0,1.0,0.0,0.0,0.0,1.0,0.0,1.0,0.0,0.0,0.0,1.0,0.0,1
0.36612444118654697,0.20418016104052975,0.15149874711330844,0.32793586080743387,0.3635060384211437,0.7924980334728439,1.0,0.6732970217194704,0.23641522515305585,0.02658795819248244,0.0,1.0,0.0,0.0,0.0,1.0,0.0,0.0,0.0,0.0,0.0,0.0,0.0,0.0,0.0,0.0,0.0,0.0,1.0,0.0,0.0,0.0,1.0,0.0,0.0,0.0,0.0,1.0,0.0,1.0,0.0,0.0,0.0,1.0,0.0,0
0.3410632288407196,0.22397198869222076,0.14065955085200055,0.23309953833140923,0.5887239317994737,0.6379172999680749,1.0,0.6530530185355777,0.3161539510887862,0.02173956160233417,0.0,0.0,0.0,0.0,0.0,1.0,0.0,0.0,0.0,0.0,0.0,0.0,0.0,0.0,0.0,0.0,0.0,0.0,1.0,0.0,0.0,0.0,0.0,1.0,0.0,0.0,0.0,1.0,0.0,0.0,0.0,0.0,0.0,1.0,0.0,0
0.3492138165133673,0.22090411041986507,0.14413795008247646,0.25672076992362125,0.5404289190582375,0.6781810073998763,1.0,0.6622152405123498,0.29979063209159007,0.023014249410443405,0.0,0.0,0.0,0.0,0.0,1.0,0.0,0.0,0.0,0.0,0.0,0.0,0.0,0.0,0.0,0.0,0.0,0.0,1.0,0.0,0.0,0.0,0.0,0.0,0.0,0.0,0.0,1.0,0.0,1.0,0.0,0.0,0.0,1.0,0.0,1
0.34374693958156455,0.2128710915520748,0.14194505132870863,0.26250896827090364,0.4980856399897045,0.6811572686337336,1.0,0.6483472109909669,0.28210225908528397,0.023064253370524923,0.0,0.0,0.0,0.0,0.0,1.0,0.0,0.0,0.0,0.0,0.0,0.0,0.0,0.0,0.0,0.0,0.0,0.0,1.0,0.0,0.0,0.0,0.0,0.0,0.0,0.0,0.0,1.0,0.0,1.0,0.0,0.0,0.0,1.0,0.0,0
0.4545755160618801,0.25847365056808447,0.18802995497586014,0.39651506655077207,0.4881057590582352,0.9691998528839273,1.0,0.8397577954663235,0.30763695980728195,0.03256589297291315,0.0,1.0,0.0,0.0,0.0,1.0,0.0,0.0,0.0,0.0,0.0,0.0,0.0,0.0,0.0,0.0,0.0,0.0,1.0,0.0,0.0,0.0,1.0,0.0,0.0,0.0,0.0,1.0,0.0,1.0,0.0,0.0,0.0,1.0,0.0,0
0.4355493640840953,0.2906908642387358,0.17956214879297847,0.2876627190407815,0.786415961935385,0.8007632405766714,1.0,0.8375457508231702,0.41700783201072766,0.027343245807168536,0.0,0.0,0.0,0.0,0.0,1.0,0.0,0.0,0.0,0.0,0.0,0.0,1.0,0.0,0.0,0.0,0.0,0.0,1.0,0.0,0.0,0.0,0.0,1.0,0.0,0.0,0.0,1.0,0.0,1.0,0.0,0.0,0.0,1.0,0.0,0
0.29190734829165677,0.20327622423327754,0.12022600356695565,0.17467046572768086,0.5896720528339987,0.5115569576198067,1.0,0.567797126602216,0.30349450069821476,0.01756741053023452,0.0,0.0,0.0,0.0,0.0,0.0,0.0,0.0,0.0,0.0,0.0,0.0,1.0,0.0,0.0,0.0,0.0,0.0,1.0,0.0,0.0,0.0,0.0,1.0,0.0,0.0,0.0,1.0,0.0,0.0,0.0,0.0,0.0,1.0,0.0,1
0.35711112406263135,0.17694698796900948,0.14807762152134457,0.3674675210289127,0.19008542198673142,0.83897042073716,1.0,0.6397265795913897,0.16751490435562766,0.027924994257589347,0.0,1.0,0.0,0.0,0.0,1.0,0.0,0.0,0.0,0.0,0.0,0.0,0.0,0.0,0.0,0.0,0.0,0.0,1.0,0.0,0.0,0.0,1.0,0.0,0.0,0.0,0.0,1.0,0.0,1.0,0.0,0.0,0.0,0.0,0.0,0
0.34503505211133145,0.1821841931869229,0.14291434614922716,0.33098686124540133,0.26676385675310765,0.7772594506695943,1.0,0.6266810777453213,0.19372418242092176,0.025974350216826366,0.0,1.0,0.0,0.0,0.0,1.0,0.0,0.0,0.0,0.0,0.0,0.0,0.0,0.0,0.0,0.0,0.0,0.0,1.0,0.0,0.0,0.0,1.0,0.0,0.0,0.0,0.0,1.0,0.0,1.0,0.0,0.0,0.0,0.0,0.0,0
0.2960973432987379,0.179818909235424,0.12231811677201286,0.23371857264825424,0.4027907998818213,0.5972677706603842,1.0,0.5557618996982128,0.23292960496963028,0.020185000656074606,0.0,0.0,0.0,0.0,0.0,1.0,0.0,0.0,0.0,0.0,0.0,0.0,0.0,0.0,0.0,0.0,0.0,0.0,1.0,0.0,0.0,0.0,0.0,0.0,0.0,0.0,0.0,1.0,0.0,0.0,0.0,0.0,0.0,1.0,0.0,1
0.16780988595729812,0.08305643566134671,0.06958435795825338,0.1728750129780736,0.0886369261123648,0.3945153250083172,0.0,0.3005426684875708,0.07845372811042559,0.013130525062679428,0.0,0.0,0.0,0.0,0.0,0.0,0.0,0.0,0.0,0.0,0.0,0.0,0.0,0.0,0.0,0.0,0.0,0.0,0.0,0.0,0.0,0.0,0.0,0.0,0.0,0.0,0.0,0.0,0.0,0.0,0.0,0.0,0.0,0.0,0.0,0
0.3107848040147676,0.20997449870498044,0.12809050905732683,0.19978786317899916,0.5800530830028587,0.5637962707284973,1.0,0.5995818423730181,0.30480660448004365,0.019281718944207618,0.0,0.0,0.0,0.0,0.0,1.0,0.0,0.0,0.0,0.0,0.0,0.0,0.0,0.0,0.0,0.0,0.0,0.0,1.0,0.0,0.0,0.0,0.0,1.0,0.0,0.0,0.0,1.0,0.0,0.0,0.0,0.0,0.0,1.0,0.0,1
0.4031198003527508,0.24211228237278873,0.16656672644969847,0.3239848247997153,0.5283721482915549,0.8211717641403873,1.0,0.7545713001295722,0.3094480240284201,0.02772297476832422,0.0,1.0,0.0,0.0,0.0,1.0,0.0,0.0,0.0,0.0,0.0,0.0,0.0,0.0,0.0,0.0,0.0,0.0,1.0,0.0,0.0,0.0,0.0,0.0,0.0,0.0,0.0,1.0,0.0,1.0,0.0,0.0,0.0,1.0,0.0,0
0.4453824575346153,0.24953745512853645,0.18427887733667483,0.39644721353498635,0.45076430649933147,0.9606197902157535,1.0,0.8199365008600121,0.29087975429657664,0.03223993713145947,0.0,1.0,0.0,0.0,0.0,1.0,0.0,0.0,0.0,0.0,0.0,0.0,0.0,0.0,0.0,0.0,0.0,0.0,1.0,0.0,0.0,0.0,1.0,0.0,0.0,0.0,0.0,1.0,0.0,1.0,0.0,0.0,0.0,1.0,0.0,1
0.26299534255100004,0.1533319281832015,0.10873233715890838,0.22127621951433615,0.31047661099053986,0.5494660555060245,1.0,0.4887449072606613,0.1887542853988946,0.018500998319472273,0.0,0.0,0.0,0.0,0.0,0.0,0.0,0.0,0.0,0.0,0.0,0.0,0.0,0.0,0.0,0.0,0.0,0.0,1.0,0.0,0.0,0.0,0.0,0.0,0.0,0.0,0.0,1.0,0.0,0.0,0.0,0.0,0.0,0.0,0.0,1
0.2980283136926916,0.17300023576578238,0.1232268195554013,0.2523739699939524,0.34623025322225237,0.6249073669907046,1.0,0.5532703408054116,0.21174839716524665,0.021033332388867648,0.0,0.0,0.0,0.0,0.0,1.0,0.0,0.0,0.0,0.0,0.0,0.0,0.0,0.0,0.0,0.0,0.0,0.0,1.0,0.0,0.0,0.0,0.0,0.0,0.0,0.0,0.0,1.0,0.0,0.0,0.0,0.0,0.0,0.0,0.0,0
0.32788125913856864,0.20621663190644748,0.13534951392117772,0.24359588469495527,0.4985794802841364,0.6402975244481056,1.0,0.6208492044858641,0.2780882976807192,0.021715364655504846,0.0,0.0,0.0,0.0,0.0,1.0,0.0,0.0,0.0,0.0,0.0,0.0,0.0,0.0,0.0,0.0,0.0,0.0,1.0,0.0,0.0,0.0,0.0,0.0,0.0,0.0,0.0,1.0,0.0,0.0,0.0,0.0,0.0,1.0,0.0,1
0.3209328171081046,0.2007753422366187,0.13249607497393165,0.2407298787221673,0.48008015896136325,0.6299110900950671,1.0,0.6068724269063873,0.2691523315647187,0.02135123972346916,0.0,0.0,0.0,0.0,0.0,1.0,0.0,0.0,0.0,0.0,0.0,0.0,0.0,0.0,0.0,0.0,0.0,0.0,1.0,0.0,0.0,0.0,0.0,0.0,0.0,0.0,0.0,1.0,0.0,0.0,0.0,0.0,0.0,1.0,0.0,0
0.2797501147255701,0.20440654806649033,0.11508556890921967,0.14682409311364444,0.6361878237773388,0.4617385405675475,1.0,0.5514939464572903,0.3181139248002576,0.01597513549278189,0.0,0.0,0.0,0.0,0.0,0.0,0.0,0.0,0.0,0.0,0.0,0.0,1.0,0.0,0.0,0.0,0.0,0.0,1.0,0.0,0.0,0.0,0.0,1.0,0.0,0.0,0.0,1.0,0.0,0.0,0.0,0.0,0.0,1.0,0.0,0
0.18852796080351455,0.13011328748161036,0.07766408654056114,0.11532394504502445,0.37215571658405877,0.333871846063113,0.0,0.3658137519178516,0.1926812321983947,0.011451032242337468,0.0,0.0,0.0,0.0,0.0,0.0,0.0,0.0,0.0,0.0,0.0,0.0,0.0,0.0,0.0,0.0,0.0,0.0,1.0,0.0,0.0,0.0,0.0,0.0,0.0,0.0,0.0,0.0,0.0,0.0,0.0,0.0,0.0,1.0,0.0,1
0.3653881165295745,0.21587072106517352,0.15102595156628307,0.30133474172436986,0.45240157435110395,0.7549481092438822,1.0,0.6812041728956243,0.2703144438643881,0.025449200775002217,0.0,0.0,0.0,0.0,0.0,1.0,0.0,0.0,0.0,0.0,0.0,0.0,0.0,0.0,0.0,0.0,0.0,0.0,1.0,0.0,0.0,0.0,0.0,0.0,0.0,0.0,0.0,1.0,0.0,1.0,0.0,0.0,0.0,1.0,0.0,0
0.34496350853465224,0.21445932013976438,0.14243581708054548,0.2616483429456208,0.5060316735189325,0.6810874090083199,1.0,0.6512807258944963,0.28547212945315265,0.02307100839039499,0.0,0.0,0.0,0.0,0.0,1.0,0.0,0.0,0.0,0.0,0.0,0.0,0.0,0.0,0.0,0.0,0.0,0.0,1.0,0.0,0.0,0.0,0.0,0.0,0.0,0.0,0.0,1.0,0.0,1.0,0.0,0.0,0.0,1.0,0.0,0
0.2723688488096059,0.16296627432341962,0.11254978150513403,0.22022478464569184,0.3524226986606189,0.5566613091417966,1.0,0.5093553331498429,0.20732532335404422,0.018786470308102193,0.0,0.0,0.0,0.0,0.0,0.0,0.0,0.0,0.0,0.0,0.0,0.0,0.0,0.0,0.0,0.0,0.0,0.0,1.0,0.0,0.0,0.0,0.0,0.0,0.0,0.0,0.0,1.0,0.0,0.0,0.0,0.0,0.0,0.0,0.0,0
0.29117134437212006,0.1850686541368272,0.12016869239266087,0.21216330249424706,0.4571282897727023,0.5628441535864962,1.0,0.5528232043862201,0.2524647128375939,0.01911008152749753,0.0,0.0,0.0,0.0,0.0,1.0,0.0,0.0,0.0,0.0,0.0,0.0,0.0,0.0,0.0,0.0,0.0,0.0,1.0,0.0,0.0,0.0,0.0,0.0,0.0,0.0,0.0,1.0,0.0,0.0,0.0,0.0,0.0,1.0,0.0,1
0.3194442197184541,0.20875325171759035,0.1317577448053641,0.22051449421974337,0.5438385274546365,0.6005176381192677,1.0,0.6108758795356173,0.2932113353290115,0.020453193300473422,0.0,0.0,0.0,0.0,0.0,1.0,0.0,0.0,0.0,0.0,0.0,0.0,0.0,0.0,0.0,0.0,0.0,0.0,1.0,0.0,0.0,0.0,0.0,1.0,0.0,0.0,0.0,1.0,0.0,0.0,0.0,0.0,0.0,1.0,0.0,0
0.3890280970664336,0.20187626811973475,0.16118550709569368,0.3807710157561635,0.2745807158070121,0.8868718264438232,1.0,0.7038779624124074,0.2083774715976956,0.029603371781611716,0.0,1.0,0.0,0.0,0.0,1.0,0.0,0.0,0.0,0.0,0.0,0.0,0.0,0.0,0.0,0.0,0.0,0.0,1.0,0.0,0.0,0.0,1.0,0.0,0.0,0.0,0.0,1.0,0.0,1.0,0.0,0.0,0.0,0.0,0.0,0
0.25704854674278305,0.19164981392331745,0.10569322101064507,0.12669734596770654,0.6129336604042447,0.4128864735276628,0.0,0.5096722474187213,0.30318077838909735,0.014335204848487564,0.0,0.0,0.0,0.0,0.0,0.0,0.0,0.0,0.0,0.0,0.0,0.0,1.0,0.0,0.0,0.0,0.0,0.0,1.0,0.0,0.0,0.0,0.0,1.0,0.0,0.0,0.0,1.0,0.0,0.0,0.0,0.0,0.0,1.0,0.0,1
0.2698187566834752,0.18333252754228982,0.11119189063578608,0.17123242920498488,0.5112649288938934,0.48640195287625887,1.0,0.5213407626315039,0.26757081901318014,0.01664720906504808,0.0,0.0,0.0,0.0,0.0,0.0,0.0,0.0,0.0,0.0,0.0,0.0,0.0,0.0,0.0,0.0,0.0,0.0,1.0,0.0,0.0,0.0,0.0,1.0,0.0,0.0,0.0,1.0,0.0,0.0,0.0,0.0,0.0,1.0,0.0,1
0.27371466456786,0.14903554660324492,0.11331062125234867,0.25290277201198696,0.2450232081700888,0.6031966342722246,1.0,0.5005944579337166,0.16649071825260733,0.02020088028156578,0.0,0.0,0.0,0.0,0.0,0.0,0.0,0.0,0.0,0.0,0.0,0.0,0.0,0.0,0.0,0.0,0.0,0.0,1.0,0.0,0.0,0.0,0.0,0.0,0.0,0.0,0.0,1.0,0.0,0.0,0.0,0.0,0.0,0.0,0.0,1
0.27364910065911274,0.1912734904370121,0.1126962079386498,0.16221924675624044,0.5580611307773609,0.4774450664296309,1.0,0.5328272566232266,0.28653345717355916,0.01640476477694936,0.0,0.0,0.0,0.0,0.0,0.0,0.0,0.0,0.0,0.0,0.0,0.0,1.0,0.0,0.0,0.0,0.0,0.0,1.0,0.0,0.0,0.0,0.0,1.0,0.0,0.0,0.0,1.0,0.0,0.0,0.0,0.0,0.0,1.0,0.0,1
0.23264385637966772,0.13603938764579787,0.09617827257542437,0.1948754310800498,0.27763044836818357,0.4848563535837022,0.0,0.4326487992306914,0.16811557211444553,0.0163297096643552,0.0,0.0,0.0,0.0,0.0,0.0,0.0,0.0,0.0,0.0,0.0,0.0,0.0,0.0,0.0,0.0,0.0,0.0,1.0,0.0,0.0,0.0,0.0,0.0,0.0,0.0,0.0,1.0,0.0,0.0,0.0,0.0,0.0,0.0,0.0,1
0.40549219551451593,0.24787844481405702,0.16748667603579723,0.31658493993849357,0.5636352604536571,0.8131051564119407,1.0,0.7623344937345574,0.32360109059309267,0.027496780043216623,0.0,0.0,0.0,0.0,0.0,1.0,0.0,0.0,0.0,0.0,0.0,0.0,0.0,0.0,0.0,0.0,0.0,0.0,1.0,0.0,0.0,0.0,0.0,0.0,0.0,0.0,0.0,1.0,0.0,1.0,0.0,0.0,0.0,1.0,0.0,0
0.20608075320214084,0.14983562017870294,0.08478926441599939,0.1097512367327598,0.46315468945456306,0.34235064421207373,0.0,0.40569532506324274,0.2322326034519026,0.011834838616537398,0.0,0.0,0.0,0.0,0.0,0.0,0.0,0.0,0.0,0.0,0.0,0.0,0.0,0.0,0.0,0.0,0.0,0.0,1.0,0.0,0.0,0.0,0.0,1.0,0.0,0.0,0.0,0.0,0.0,0.0,0.0,0.0,0.0,1.0,0.0,1
0.1794260055358102,0.11626856109215038,0.07401960238355691,0.12596913439730156,0.2981737496557094,0.3402245913775297,0.0,0.3423645330153823,0.16189534764117514,0.011576466393197782,0.0,0.0,0.0,0.0,0.0,0.0,0.0,0.0,0.0,0.0,0.0,0.0,0.0,0.0,0.0,0.0,0.0,0.0,0.0,0.0,0.0,0.0,0.0,0.0,0.0,0.0,0.0,0.0,0.0,0.0,0.0,0.0,0.0,0.0,0.0,0
0.4093386452245715,0.24526800692609216,0.1691443641060737,0.3302247099317574,0.5322327589101515,0.8355610484772071,1.0,0.7657685729557844,0.3125762784726232,0.028202604538209372,0.0,1.0,0.0,0.0,0.0,1.0,0.0,0.0,0.0,0.0,0.0,0.0,0.0,0.0,0.0,0.0,0.0,0.0,1.0,0.0,0.0,0.0,0.0,0.0,0.0,0.0,0.0,1.0,0.0,1.0,0.0,0.0,0.0,1.0,0.0,1
0.32912039946372085,0.15468315214600514,0.13658776885129917,0.35666064595285696,0.11301268501570981,0.7981537098013941,1.0,0.583159684989517,0.13053932472880606,0.026489064210466193,0.0,1.0,0.0,0.0,0.0,1.0,0.0,0.0,0.0,0.0,0.0,0.0,0.0,0.0,0.0,0.0,0.0,0.0,1.0,0.0,0.0,0.0,1.0,0.0,0.0,0.0,0.0,1.0,0.0,1.0,0.0,0.0,0.0,0.0,0.0,0
0.33149569559062064,0.19272523177353892,0.13706055957013616,0.2800762275778055,0.38731589215773793,0.6941972085481755,1.0,0.6156282608191791,0.23637272262082376,0.023368586297191678,0.0,0.0,0.0,0.0,0.0,1.0,0.0,0.0,0.0,0.0,0.0,0.0,0.0,0.0,0.0,0.0,0.0,0.0,1.0,0.0,0.0,0.0,0.0,0.0,0.0,0.0,0.0,1.0,0.0,1.0,0.0,0.0,0.0,1.0,0.0,0
0.35040858513002815,0.23092448618507347,0.1445023855567308,0.2377383745636114,0.6108954278864606,0.6529735153545108,1.0,0.6715712290390745,0.3271333394234736,0.022262100796899907,0.0,0.0,0.0,0.0,0.0,1.0,0.0,0.0,0.0,0.0,0.0,0.0,0.0,0.0,0.0,0.0,0.0,0.0,1.0,0.0,0.0,0.0,0.0,1.0,0.0,0.0,0.0,1.0,0.0,1.0,0.0,0.0,0.0,1.0,0.0,1
0.3441396415802643,0.23883533413150015,0.14174989098600535,0.2076700657190112,0.6891557570408375,0.6055108230884791,1.0,0.6687726360477935,0.355487833117179,0.020783830768266943,0.0,0.0,0.0,0.0,0.0,1.0,0.0,0.0,0.0,0.0,0.0,0.0,1.0,0.0,0.0,0.0,0.0,0.0,1.0,0.0,0.0,0.0,0.0,1.0,0.0,0.0,0.0,1.0,0.0,0.0,0.0,0.0,0.0,1.0,0.0,0
0.4487155562491581,0.28864548438987686,0.185140609609102,0.3195806572025196,0.7299572229711261,0.8571563717972358,1.0,0.8545734576016787,0.3988422678297725,0.029141320569497326,0.0,0.0,0.0,0.0,0.0,1.0,0.0,0.0,0.0,0.0,0.0,0.0,1.0,0.0,0.0,0.0,0.0,0.0,1.0,0.0,0.0,0.0,0.0,1.0,0.0,0.0,0.0,1.0,0.0,1.0,0.0,0.0,0.0,1.0,0.0,0
0.3585747916205781,0.24153433606392474,0.14779735571971803,0.2320710189006152,0.6638544934904509,0.6526564697098709,1.0,0.691223295946936,0.3496083532603712,0.02231202827850387,0.0,0.0,0.0,0.0,0.0,1.0,0.0,0.0,0.0,0.0,0.0,0.0,1.0,0.0,0.0,0.0,0.0,0.0,1.0,0.0,0.0,0.0,0.0,1.0,0.0,0.0,0.0,1.0,0.0,0.0,0.0,0.0,0.0,1.0,0.0,1
0.31777324345481867,0.17703311262690427,0.13149402613085176,0.2850193058444301,0.31414845662460283,0.688381464411074,1.0,0.5842402162025441,0.20467510833149374,0.023093067501229997,0.0,1.0,0.0,0.0,0.0,1.0,0.0,0.0,0.0,0.0,0.0,0.0,0.0,0.0,0.0,0.0,0.0,0.0,1.0,0.0,0.0,0.0,1.0,0.0,0.0,0.0,0.0,1.0,0.0,1.0,0.0,0.0,0.0,0.0,0.0,1
0.2685380693351627,0.19464328785128676,0.11049490193554187,0.14430712100924642,0.5990554796258428,0.44790019390478636,0.0,0.5281885072977932,0.30090201994981547,0.015475755728200128,0.0,0.0,0.0,0.0,0.0,0.0,0.0,0.0,0.0,0.0,0.0,0.0,1.0,0.0,0.0,0.0,0.0,0.0,1.0,0.0,0.0,0.0,0.0,1.0,0.0,0.0,0.0,1.0,0.0,0.0,0.0,0.0,0.0,1.0,0.0,0
0.37911538209720264,0.1887114755155656,0.15718981143594793,0.3882631509064902,0.20817843953460194,0.8881059069114579,1.0,0.6798041670628051,0.18028384397103267,0.029568399081036013,0.0,1.0,0.0,0.0,0.0,1.0,0.0,0.0,0.0,0.0,0.0,0.0,0.0,0.0,0.0,0.0,0.0,0.0,1.0,0.0,0.0,0.0,1.0,0.0,0.0,0.0,0.0,1.0,0.0,1.0,0.0,0.0,0.0,0.0,0.0,0
0.3438501678662688,0.18111083786440033,0.14242978400146333,0.33081000055677856,0.26253178120506127,0.7759205603930245,1.0,0.6241863483420168,0.19178712873132236,0.025925304869428144,0.0,1.0,0.0,0.0,0.0,1.0,0.0,0.0,0.0,0.0,0.0,0.0,0.0,0.0,0.0,0.0,0.0,0.0,1.0,0.0,0.0,0.0,1.0,0.0,0.0,0.0,0.0,1.0,0.0,1.0,0.0,0.0,0.0,0.0,0.0,0
0.39874356290597057,0.26617009084797344,0.1643877628959828,0.2632599554907873,0.7202852596016761,0.7329649719392368,1.0,0.7668030861213775,0.3818934572017578,0.025028690031564122,0.0,0.0,0.0,0.0,0.0,1.0,0.0,0.0,0.0,0.0,0.0,0.0,1.0,0.0,0.0,0.0,0.0,0.0,1.0,0.0,0.0,0.0,0.0,1.0,0.0,0.0,0.0,1.0,0.0,1.0,0.0,0.0,0.0,1.0,0.0,0
0.1076970837007272,0.09159162684579446,0.044125974629832906,0.028869718287497927,0.34046001574111423,0.1394286464653628,0.0,0.22218452767249947,0.15911002923386355,0.004993117320086464,0.0,0.0,0.0,0.0,0.0,0.0,0.0,0.0,0.0,0.0,0.0,0.0,0.0,0.0,0.0,0.0,0.0,0.0,0.0,0.0,0.0,0.0,0.0,0.0,0.0,0.0,0.0,0.0,0.0,0.0,0.0,0.0,0.0,0.0,0.0,0
0.2678021739283991,0.18512169264979983,0.11031696967758287,0.16317986753303165,0.5308434076675064,0.47337928924658645,1.0,0.5198622564933141,0.27454553296221434,0.016239445555763055,0.0,0.0,0.0,0.0,0.0,0.0,0.0,0.0,0.0,0.0,0.0,0.0,0.0,0.0,0.0,0.0,0.0,0.0,1.0,0.0,0.0,0.0,0.0,1.0,0.0,0.0,0.0,1.0,0.0,0.0,0.0,0.0,0.0,1.0,0.0,0
0.32911911949148825,0.2073817084552042,0.13585513328994406,0.2436869044773089,0.5033246663366744,0.6415663374326084,1.0,0.6234889415838037,0.2802361809429115,0.02176268078790322,0.0,0.0,0.0,0.0,0.0,1.0,0.0,0.0,0.0,0.0,0.0,0.0,0.0,0.0,0.0,0.0,0.0,0.0,1.0,0.0,0.0,0.0,0.0,0.0,0.0,0.0,0.0,1.0,0.0,0.0,0.0,0.0,0.0,1.0,0.0,0
0.35182241425709776,0.2285294442846782,0.14513164007735074,0.24582928612977348,0.5887207461000882,0.6654929379597445,1.0,0.6717348495221613,0.31900320794801923,0.022650283147461408,0.0,0.0,0.0,0.0,0.0,1.0,0.0,0.0,0.0,0.0,0.0,0.0,0.0,0.0,0.0,0.0,0.0,0.0,1.0,0.0,0.0,0.0,0.0,1.0,0.0,0.0,0.0,1.0,0.0,1.0,0.0,0.0,0.0,1.0,0.0,1
0.37342541983677435,0.2283455702292708,0.15424067533921612,0.291399782668985,0.5195780615452102,0.7485970029195926,1.0,0.7021015193060858,0.29820814515078164,0.02531605929000838,0.0,0.0,0.0,0.0,0.0,1.0,0.0,0.0,0.0,0.0,0.0,0.0,0.0,0.0,0.0,0.0,0.0,0.0,1.0,0.0,0.0,0.0,0.0,0.0,0.0,0.0,0.0,1.0,0.0,1.0,0.0,0.0,0.0,1.0,0.0,0
0.15986029112143615,0.100902701809277,0.06598538126928323,0.1179933405975873,0.24575634911972735,0.31110891228063103,0.0,0.3029744262598732,0.13660795761789607,0.010555098521724234,0.0,0.0,0.0,0.0,0.0,0.0,0.0,0.0,0.0,0.0,0.0,0.0,0.0,0.0,0.0,0.0,0.0,0.0,0.0,0.0,0.0,0.0,0.0,0.0,0.0,0.0,0.0,0.0,0.0,0.0,0.0,0.0,0.0,0.0,0.0,1
0.166784917830173,0.10216776503528498,0.06888679790589512,0.12976221315915776,0.23339947983652182,0.3338130973846644,0.0,0.31372143808161784,0.13370327295660586,0.01129084427656464,0.0,0.0,0.0,0.0,0.0,0.0,0.0,0.0,0.0,0.0,0.0,0.0,0.0,0.0,0.0,0.0,0.0,0.0,0.0,0.0,0.0,0.0,0.0,0.0,0.0,0.0,0.0,0.0,0.0,0.0,0.0,0.0,0.0,0.0,0.0,0
0.30019901485437217,0.18742874198429058,0.12394140898163587,0.22598264293948353,0.44628320286732137,0.5903316679852535,1.0,0.5673781385169272,0.25069701403724765,0.020005527771177475,0.0,0.0,0.0,0.0,0.0,1.0,0.0,0.0,0.0,0.0,0.0,0.0,0.0,0.0,0.0,0.0,0.0,0.0,1.0,0.0,0.0,0.0,0.0,0.0,0.0,0.0,0.0,1.0,0.0,0.0,0.0,0.0,0.0,1.0,0.0,0
0.30422465922480735,0.17485696709312346,0.12581301869503655,0.2613514849949084,0.34054055958966684,0.6430703485315108,1.0,0.5634416997625589,0.21120784198919304,0.021626702084732004,0.0,0.0,0.0,0.0,0.0,1.0,0.0,0.0,0.0,0.0,0.0,0.0,0.0,0.0,0.0,0.0,0.0,0.0,1.0,0.0,0.0,0.0,0.0,0.0,0.0,0.0,0.0,1.0,0.0,1.0,0.0,0.0,0.0,0.0,0.0,1
0.4081776561128372,0.23061287821130083,0.16885855462767482,0.3592133679395949,0.42733330926059854,0.8746688081725658,1.0,0.7529132352823907,0.2720363804981049,0.029374559689259644,0.0,1.0,0.0,0.0,0.0,1.0,0.0,0.0,0.0,0.0,0.0,0.0,0.0,0.0,0.0,0.0,0.0,0.0,1.0,0.0,0.0,0.0,1.0,0.0,0.0,0.0,0.0,1.0,0.0,1.0,0.0,0.0,0.0,1.0,0.0,0
0.19258311649597884,0.13026478790452586,0.07937138279799294,0.12347933365548618,0.3605544785680802,0.3489188172397945,0.0,0.3716563185349277,0.18930613475149796,0.011934749250834544,0.0,0.0,0.0,0.0,0.0,0.0,0.0,0.0,0.0,0.0,0.0,0.0,0.0,0.0,0.0,0.0,0.0,0.0,1.0,0.0,0.0,0.0,0.0,0.0,0.0,0.0,0.0,0.0,0.0,0.0,0.0,0.0,0.0,0.0,0.0,1
0.29301273959435925,0.18400012040591857,0.12095975408883823,0.21830467757753497,0.4434367763461301,0.5730561212678689,1.0,0.5546058246534696,0.24770142618507734,0.0194317316766873,0.0,0.0,0.0,0.0,0.0,1.0,0.0,0.0,0.0,0.0,0.0,0.0,0.0,0.0,0.0,0.0,0.0,0.0,1.0,0.0,0.0,0.0,0.0,0.0,0.0,0.0,0.0,1.0,0.0,0.0,0.0,0.0,0.0,1.0,0.0,0
0.2631819417154531,0.12575038492952548,0.10919416254611429,0.2807936031303195,0.10561048086522547,0.6321318124976918,1.0,0.4678998147386814,0.11023097356672626,0.020997509819471693,0.0,1.0,0.0,0.0,0.0,0.0,0.0,0.0,0.0,0.0,0.0,0.0,0.0,0.0,0.0,0.0,0.0,0.0,1.0,0.0,0.0,0.0,1.0,0.0,0.0,0.0,0.0,1.0,0.0,1.0,0.0,0.0,0.0,0.0,0.0,0
0.3774823208319877,0.20968540104489208,0.156210041756283,0.3398858147232066,0.36864410589185764,0.8195454938403229,1.0,0.6935496732220902,0.24139493263561237,0.0274870993696297,0.0,1.0,0.0,0.0,0.0,1.0,0.0,0.0,0.0,0.0,0.0,0.0,0.0,0.0,0.0,0.0,0.0,0.0,1.0,0.0,0.0,0.0,1.0,0.0,0.0,0.0,0.0,1.0,0.0,1.0,0.0,0.0,0.0,1.0,0.0,1
0.3522866532105552,0.1951346119560875,0.14579126015402016,0.31838934838252075,0.33992780687975077,0.7664926632614397,1.0,0.646832830230196,0.22370610870066826,0.025702203039773924,0.0,1.0,0.0,0.0,0.0,1.0,0.0,0.0,0.0,0.0,0.0,0.0,0.0,0.0,0.0,0.0,0.0,0.0,1.0,0.0,0.0,0.0,1.0,0.0,0.0,0.0,0.0,1.0,0.0,1.0,0.0,0.0,0.0,0.0,0.0,1
0.2672604351395564,0.16004436402230457,0.11043698425996186,0.2158058064229261,0.34680976592111806,0.5458209030474995,1.0,0.4999051339583636,0.20381918849028505,0.01842204888012767,0.0,0.0,0.0,0.0,0.0,0.0,0.0,0.0,0.0,0.0,0.0,0.0,0.0,0.0,0.0,0.0,0.0,0.0,1.0,0.0,0.0,0.0,0.0,0.0,0.0,0.0,0.0,1.0,0.0,0.0,0.0,0.0,0.0,0.0,0.0,0
0.3237902652056994,0.162015053242118,0.1342390605853408,0.32979668136919255,0.1840395118728821,0.7559989737154672,1.0,0.5812437848139025,0.15636826060467557,0.02517784747068884,0.0,1.0,0.0,0.0,0.0,1.0,0.0,0.0,0.0,0.0,0.0,0.0,0.0,0.0,0.0,0.0,0.0,0.0,1.0,0.0,0.0,0.0,1.0,0.0,0.0,0.0,0.0,1.0,0.0,1.0,0.0,0.0,0.0,0.0,0.0,1
0.2737860445239394,0.16166563869814973,0.11316525151807574,0.22597663341522883,0.338343093238611,0.5659418034389474,1.0,0.5103612748309264,0.20230080588648153,0.019076914598277966,0.0,0.0,0.0,0.0,0.0,0.0,0.0,0.0,0.0,0.0,0.0,0.0,0.0,0.0,0.0,0.0,0.0,0.0,1.0,0.0,0.0,0.0,0.0,0.0,0.0,0.0,0.0,1.0,0.0,0.0,0.0,0.0,0.0,0.0,0.0,1
0.10496492989595582,0.04572782741153404,0.043611415421882786,0.12147546831486687,0.009345482685223422,0.2652619520617814,0.0,0.1832259139248219,0.03139311719884162,0.00877131645028516,0.0,0.0,0.0,0.0,0.0,0.0,0.0,0.0,0.0,0.0,0.0,0.0,0.0,0.0,0.0,0.0,0.0,0.0,0.0,0.0,0.0,0.0,0.0,0.0,0.0,0.0,0.0,0.0,0.0,0.0,0.0,0.0,0.0,0.0,0.0,1
0.3568351071854786,0.23859600769187847,0.14710483286359585,0.23473194118468121,0.6475503544634216,0.6547387315877063,1.0,0.686517793016987,0.3428942893760053,0.022362203551176067,0.0,0.0,0.0,0.0,0.0,1.0,0.0,0.0,0.0,0.0,0.0,0.0,1.0,0.0,0.0,0.0,0.0,0.0,1.0,0.0,0.0,0.0,0.0,1.0,0.0,0.0,0.0,1.0,0.0,1.0,0.0,0.0,0.0,1.0,0.0,1
0.30000330588846097,0.16379170896946058,0.12418727937682184,0.2762446075873316,0.2718313131318249,0.659816134032404,1.0,0.5490119550349025,0.18373725477744457,0.02210139475703302,0.0,1.0,0.0,0.0,0.0,1.0,0.0,0.0,0.0,0.0,0.0,0.0,0.0,0.0,0.0,0.0,0.0,0.0,1.0,0.0,0.0,0.0,1.0,0.0,0.0,0.0,0.0,1.0,0.0,1.0,0.0,0.0,0.0,0.0,0.0,1
0.23070263730967408,0.12826617849076632,0.09546796214349987,0.207479544293341,0.22614944991908056,0.5005342471422708,0.0,0.4239584794944558,0.14785665806536671,0.016788782013812682,0.0,0.0,0.0,0.0,0.0,0.0,0.0,0.0,0.0,0.0,0.0,0.0,0.0,0.0,0.0,0.0,0.0,0.0,1.0,0.0,0.0,0.0,0.0,0.0,0.0,0.0,0.0,1.0,0.0,0.0,0.0,0.0,0.0,0.0,0.0,1
0.31958715913155283,0.17808176432444983,0.13224409191542574,0.28656455816076837,0.3162239395732008,0.6921976533196869,1.0,0.5876043468492339,0.20595169149902326,0.023221469670405014,0.0,1.0,0.0,0.0,0.0,1.0,0.0,0.0,0.0,0.0,0.0,0.0,0.0,0.0,0.0,0.0,0.0,0.0,1.0,0.0,0.0,0.0,1.0,0.0,0.0,0.0,0.0,1.0,0.0,1.0,0.0,0.0,0.0,0.0,0.0,1
0.17192093222535074,0.10783464999204799,0.07097309630976643,0.1283544470736914,0.259256265566675,0.3366028773224412,0.0,0.32531138838876256,0.14498088876604054,0.011412469738157991,0.0,0.0,0.0,0.0,0.0,0.0,0.0,0.0,0.0,0.0,0.0,0.0,0.0,0.0,0.0,0.0,0.0,0.0,0.0,0.0,0.0,0.0,0.0,0.0,0.0,0.0,0.0,0.0,0.0,0.0,0.0,0.0,0.0,0.0,0.0,1
0.315027316489634,0.18791709074444832,0.1301853126418612,0.25594478312464475,0.40337536116378275,0.6455482596021829,1.0,0.5886921514051846,0.23816900471349267,0.02178020004680106,0.0,0.0,0.0,0.0,0.0,1.0,0.0,0.0,0.0,0.0,0.0,0.0,0.0,0.0,0.0,0.0,0.0,0.0,1.0,0.0,0.0,0.0,0.0,0.0,0.0,0.0,0.0,1.0,0.0,1.0,0.0,0.0,0.0,1.0,0.0,1
