V1,V2,V3,V4,V5,target
0.3833964,0.45828667,0.45349416,0.23099448,0.24554124,1
0.42984107,0.39770675,0.5468372,0.75224864,0.20513731,1
0.2834911,0.30169767,0.5468372,0.78958994,0.18545476,1
0.36449677,0.39773747,0.5324439,0.73826325,0.363939,1
0.28921813,0.32099724,0.5468372,0.8909439,0.14987862,1
0.40699533,0.44857955,0.33361366,0.33909497,0.322455,1
0.41944188,0.49795198,0.414964,0.4789991,0.2776593,1
0.33550653,0.35150006,0.5369677,0.60141194,0.18501215,1
0.3486178,0.32121146,0.46129176,0.5751094,0.6529441,1
0.34859335,0.40707433,0.55817103,0.63992983,0.2640642,1
0.4397791,0.47873938,0.50290775,0.45472994,0.7383938,1
0.34000766,0.2884177,0.71991843,0.7283484,0.6427036,1
0.2761871,0.2930424,0.5900393,0.7543456,0.13080993,1
0.8323726,0.47015226,0.34550747,0.4623834,0.31237292,1
0.3741325,0.5256892,0.5505423,0.5119211,0.1962932,1
0.422447,0.5482481,0.6044102,0.43534538,0.5633469,1
0.37154078,0.3721672,0.5468372,0.8880754,0.20892571,1
0.36804393,0.36819988,0.5267883,0.27093998,0.25442058,1
0.37308213,0.35325322,0.54230434,0.7372644,0.78040236,1
0.33813944,0.31121632,0.45859528,0.5921814,0.7581843,1
0.5815137,0.26086944,0.3573269,0.28681678,0.38277113,0
0.55071604,0.36819988,0.48309347,0.26174957,0.2477825,0
0.43821964,0.6303572,0.22227888,0.47554937,0.5321772,0
0.55243516,0.36819988,0.41982573,0.27458295,0.26126486,0
0.7414752,0.30370203,0.34025034,0.32808957,0.3506482,0
0.35987794,0.42818215,0.6571933,0.63826525,0.63287574,1
0.46430808,0.4927848,0.49111077,0.44240683,0.7469675,1
0.35616553,0.39276722,0.59037024,0.21235843,0.363939,0
0.64020705,0.36897776,0.42226812,0.32944578,0.5216905,0
0.34139544,0.30184776,0.45085612,0.38922015,0.24396636,0
0.44424006,0.52318245,0.5869693,0.21169396,0.556337,1
0.36841086,0.60144395,0.4995167,0.43797955,0.23266874,0
0.37549433,0.4565652,0.7079871,0.6176792,0.363939,0
0.3977112,0.5313196,0.3486175,0.46685585,0.32340983,0
0.37621048,0.364618,0.5900393,0.9162216,0.11219654,1
0.3664885,0.3640201,0.5341183,0.2237472,0.17510149,0
0.4622105,0.47531354,0.43519112,0.24761003,0.2386255,0
0.31828955,0.39556995,0.6615102,0.16838656,0.363939,0
0.44184408,0.7823586,0.21190967,0.46304205,0.40307173,0
0.7300112,0.50288653,0.39058393,0.49960956,0.30308348,1
0.3642143,0.34001404,0.5900393,0.78613645,0.13960905,1
0.4124252,0.3323121,0.47765973,0.15301661,0.20765108,1
0.36030126,0.3359644,0.5799017,0.6024189,0.19327989,1
0.3201052,0.46409756,0.38432914,0.45828742,0.33890307,0
0.4412007,0.4868034,0.3601888,0.24170235,0.72251993,0
0.32641673,0.32812965,0.46537414,0.52162576,0.5819606,1
0.38597998,0.4139552,0.45833617,0.58786815,0.21743865,0
0.32823926,0.32234028,0.66259336,0.5922517,0.363939,0
0.4330145,0.3811796,0.48309347,0.24197221,0.2470773,0
0.3737013,0.37014163,0.8574514,0.22406225,0.52654374,0
0.42110786,0.36819988,0.41499007,0.27472505,0.2638446,0
0.41944188,0.52458686,0.414964,0.5079723,0.2776593,0
0.49174047,0.35797793,0.48602486,0.38752067,0.5180163,0
0.2882697,0.030639496,0.20000212,0.39595443,0.57306087,0
0.32163152,0.32249078,0.48226714,0.53695124,0.363939,1
0.4906686,0.5972313,0.4498109,0.46377286,0.34563634,0
0.77895993,0.4780632,0.3456783,0.49693146,0.30651295,1
0.43212935,0.5499833,0.5931957,0.4632127,0.54601705,1
0.34929323,0.4527633,0.54412645,0.19879533,0.44557282,0
0.38701543,0.30757597,0.80319685,0.23579557,0.45795166,0
0.34077898,0.4005705,0.45349416,0.3549114,0.24470635,0
0.35720855,0.4780632,0.48736417,0.4959505,0.23291722,0
0.34592476,0.4989022,0.55398375,0.26563695,0.41146716,0
0.7458107,0.14565334,0.34639657,0.28516087,0.38526058,0
0.37677535,0.41182584,0.79630524,0.24025881,0.5614683,1
0.34232122,0.3848733,0.5468372,0.84513116,0.18203147,0
0.35720855,0.5256892,0.48736417,0.5118474,0.23294024,0
0.34586895,0.56849957,0.55175734,0.4882909,0.41402924,0
0.48202887,0.47591195,0.48250425,0.5217243,0.22754474,0
0.3706764,0.43542853,0.48250425,0.18656947,0.22584777,1
0.3999581,0.36406896,0.5900393,0.75366956,0.14405632,0
0.4093746,0.39370328,0.57311827,0.48650125,0.41954568,0
0.69857675,0.37209,0.45376512,0.4467282,0.38146874,0
0.41944188,0.366209,0.414964,0.2584569,0.2776593,0
0.4262621,0.40473667,0.5468372,0.6699207,0.18816581,1
0.41944188,0.3323121,0.414964,0.15332733,0.2776593,0
0.3517938,0.4473155,0.63545716,0.5839768,0.363939,0
0.3377575,0.50288653,0.5341183,0.50070566,0.13458611,1
0.32027873,0.366209,0.3486175,0.26032794,0.33283746,0
0.34934774,0.4831162,0.25128767,0.28237322,0.38315564,0
0.4141771,0.36819988,0.48309347,0.26136708,0.2468954,0
0.32858008,0.36757696,0.5468372,0.6561577,0.1920356,1
0.27936545,0.3421835,0.5468372,0.82660466,0.16845995,1
0.29646033,0.35609865,0.46518517,0.66680515,0.2776593,1
0.5975451,0.6507804,0.35047138,0.28513736,0.30002344,0
0.3603075,0.39144656,0.61357975,0.78552836,0.363939,0
0.27022392,0.31615692,0.71347666,0.74228185,0.40787593,0
0.34675524,0.3471379,0.5466629,0.5618977,0.20106837,0
0.4146244,0.40473667,0.55817103,0.6679101,0.268787,0
0.307411,0.2785103,0.28389326,0.28974614,0.35189205,0
0.3512407,0.42709488,0.46456245,0.19512035,0.22509325,0
0.32601863,0.39848682,0.3486175,0.48173395,0.32901627,0
0.46243042,0.36819988,0.44138092,0.26900443,0.2508466,0
0.41032052,0.50288653,0.44862583,0.50086164,0.22386217,0
0.5461105,0.31001785,0.66747993,0.6927839,0.43922737,1
0.31975082,0.47015226,0.36116877,0.46164048,0.33198056,0
0.4962588,0.48603645,0.45004284,0.47095704,0.22274198,0
0.36030126,0.35903552,0.5799017,0.48716173,0.193097,0
0.45220315,0.49395376,0.40390855,0.4380676,0.34906566,0
0.41944188,0.58939624,0.414964,0.51866716,0.2776593,1
0.3427196,0.36819988,0.4734504,0.27006495,0.2503499,0
0.36307076,0.933476,0.15156622,0.22268978,0.363939,0
0.34973243,0.31400618,0.5799017,0.1544558,0.19082467,0
0.38510275,0.366209,0.48309347,0.2602793,0.2483659,0
0.3047109,0.30347735,0.46002173,0.8030473,0.9008444,1
0.41944188,0.3593054,0.414964,0.14981417,0.2776593,0
0.38402793,0.37777913,0.5468372,0.61488754,0.18342316,1
0.40384644,0.34269536,0.42204782,0.5757538,0.2163951,0
0.5389005,0.12986287,0.28401616,0.2896516,0.3529513,0
0.4324329,0.5451576,0.33174592,0.32513493,0.3476944,0
0.3551195,0.37881434,0.42204782,0.58897007,0.21607514,0
0.41944188,0.4506566,0.414964,0.23578708,0.2776593,0
0.30883035,0.3421835,0.46518517,0.819756,0.2776593,1
0.3814277,0.37661156,0.4622623,0.22037429,0.24262154,1
0.5995822,0.4355927,0.5511703,0.27852038,0.25689593,0
0.3220391,0.34421253,0.488807,0.48439452,0.6505259,0
0.70276237,0.35547012,0.33198693,0.345473,0.34744173,0
0.42647535,0.5967881,0.3693039,0.32267916,0.35025546,0
0.35194662,0.36819988,0.45260316,0.26179314,0.22484288,0
0.3664885,0.4005705,0.5341183,0.3490744,0.17483617,0
0.35043785,0.30080304,0.49141365,0.13412587,0.2024152,0
0.3411676,0.27496362,0.66443723,0.60959375,0.567179,0
0.26686457,0.23840244,0.39584985,0.7033772,0.67862785,0
0.3799628,0.4412045,0.6763468,0.16495524,0.51874965,1
0.28715196,0.30169767,0.5900393,0.78278893,0.12152999,1
0.29625562,0.23958212,0.4868605,0.16368707,0.363939,0
0.39956698,0.43137985,0.45129535,0.1870705,0.21883379,0
0.40576863,0.52458686,0.44862583,0.5020474,0.22353603,1
0.2891294,0.35797554,0.8250022,0.6192577,0.43912745,0
0.75120485,0.2426222,0.41146642,0.40407115,0.38312963,0
0.34627122,0.444383,0.6125344,0.18585457,0.363939,0
0.33799994,0.25451258,0.4141778,0.6766358,0.61315733,1
0.35843334,0.366209,0.3486175,0.2571766,0.31744388,0
0.31102544,0.32562828,0.38534445,0.4637273,0.59117085,0
0.40752742,0.37372652,0.5900393,0.79640955,0.09580398,1
0.73512036,0.32376012,0.3617531,0.3445184,0.42633346,0
0.3333299,0.5859507,0.5341183,0.44586635,0.14978127,0
0.34088343,0.56394833,0.5341183,0.5172017,0.17020655,0
0.41521326,0.36819988,0.5267883,0.26626432,0.25508177,0
0.3398792,0.5012362,0.5334714,0.20280886,0.363939,0
0.36307743,0.38577798,0.7845031,0.65520865,0.41825107,1
0.38666564,0.36143434,0.6194518,0.6181524,0.363939,1
0.3045732,0.26809973,0.6773085,0.7764417,0.64755243,1
0.35521892,0.39848682,0.5369677,0.48030943,0.18194376,0
0.41944188,0.50288653,0.414964,0.50108653,0.2776593,1
0.3139832,0.25778848,0.55061245,0.37761772,0.363939,0
0.49731863,0.4858409,0.31476405,0.33802253,0.34501067,0
0.5815442,0.34514812,0.36096248,0.3548362,0.34288633,0
0.34473008,0.44053537,0.3486175,0.1983604,0.31815094,0
0.48202887,0.3471379,0.48250425,0.56172204,0.2275259,1
0.41944188,0.5256,0.414964,0.25492236,0.2776593,0
0.35359812,0.4139552,0.5369677,0.58781993,0.18076964,0
0.4843725,0.38218,0.4832637,0.3944717,0.3795526,0
0.404037,0.33991355,0.69063365,0.29382905,0.363939,0
0.37110522,0.6177682,0.20127086,0.48208028,0.363939,0
0.4604308,0.24697559,0.28427452,0.28686,0.3508748,0
0.38138115,0.4005705,0.41183102,0.35610726,0.2614469,0
0.5625648,0.38782758,0.63308185,0.7890636,0.2605296,1
0.41069672,0.3761588,0.5267883,0.4579176,0.2552753,0
0.39016837,0.46212068,0.36911556,0.41332358,0.4139536,0
0.38727203,0.3449525,0.4622623,0.5939378,0.24285205,0
0.369111,0.47591195,0.5369677,0.52163553,0.18297537,1
0.35425496,0.35903552,0.3486175,0.49122444,0.3249909,0
0.46271288,0.68220675,0.22660433,0.37473953,0.41084868,0
0.3196093,0.36819988,0.3486175,0.26839963,0.3338261,0
0.4141771,0.48151752,0.48309347,0.2504723,0.24695292,0
0.28801796,0.25773194,0.413859,0.6947585,0.7882847,1
0.32002285,0.3235113,0.4712635,0.21693157,0.56023824,1
0.37389314,0.3323121,0.5369677,0.15411182,0.18968132,0
0.49083906,0.5991409,0.4445457,0.4529833,0.34769887,0
0.30999267,0.27241018,0.40366763,0.5124198,0.5885445,0
0.3687046,0.42142108,0.48250425,0.54286706,0.22999838,1
0.33471215,0.26886544,0.6165805,0.7675416,0.70325404,1
0.38514307,0.38132116,0.5468372,0.63960534,0.16599941,0
0.35851508,0.3397932,0.5900393,0.8029065,0.11660976,0
0.34675524,0.61929786,0.5466629,0.2866259,0.20111856,0
0.46077242,0.53674066,0.4445457,0.4493902,0.34774143,0
0.50362855,0.36819988,0.45317122,0.27333754,0.26472065,0
0.71561646,0.25303915,0.37353185,0.41350198,0.42701232,0
0.31170228,0.32601568,0.47855002,0.61903864,0.6667314,1
0.32926255,0.3048441,0.5633171,0.122186325,0.84871966,0
0.39327928,0.43784666,0.45129535,0.1745558,0.21945414,0
0.6810283,0.32851663,0.34409666,0.3530872,0.33519104,0
0.74132097,0.42230615,0.3371071,0.17651863,0.31187654,0
0.5457027,0.41732338,0.41917738,0.17188622,0.29690412,1
0.27845705,0.28992414,0.5468372,0.76391053,0.21867935,1
0.3172474,0.50026685,0.5544907,0.5147303,0.4119807,0
0.27817163,0.34711364,0.4920837,0.62111807,0.2576526,1
0.3695675,0.42868277,0.62518066,0.6207168,0.7375445,1
0.3778586,0.34272507,0.5008942,0.7311373,0.7880567,0
0.40545607,0.48418984,0.63474405,0.5422075,0.46019033,0
0.32955134,0.33674523,0.5272,0.744971,0.24253654,0
0.2996508,0.26290062,0.75438595,0.6521338,0.55746627,0
0.264778,0.31547195,0.46518517,0.698507,0.2776593,0
0.36809033,0.3706148,0.7695553,0.28502455,0.4481887,0
0.37456334,0.34269536,0.3834815,0.5736588,0.2139459,1
0.39485335,0.54175556,0.4809402,0.60221845,0.73786914,1
0.4287524,0.5918333,0.62360716,0.5863851,0.51684535,1
0.36369067,0.3397932,0.5900393,0.7930601,0.07043991,0
0.26316833,0.29030845,0.4920837,0.7304746,0.25948808,0
0.346862,0.3368598,0.52694017,0.7438253,0.2388642,1
0.38034594,0.50837207,0.5739281,0.4586117,0.39394376,0
0.3630447,0.30080304,0.49141365,0.10456469,0.20579535,0
0.45697552,0.70393413,0.5480159,0.58988523,0.46641412,1
0.3294317,0.2995952,0.6604687,0.68276256,0.64634585,1
0.40384644,0.47591195,0.42204782,0.5206155,0.21645333,0
0.37778658,0.34278208,0.5009139,0.7311056,0.78811663,0
0.4845134,0.4005705,0.44138092,0.35321155,0.2517873,0
0.46876335,0.36819988,0.52681935,0.26484883,0.2558659,0
0.3471978,0.33159202,0.3486175,0.3570125,0.3170897,0
0.33648705,0.31400618,0.49141365,0.15500404,0.20232402,0
0.4166161,0.366209,0.5045726,0.25634637,0.24983998,0
0.34187728,0.35194606,0.5468372,0.76536524,0.19713862,1
0.35449675,0.36819988,0.5505423,0.27183616,0.19781634,0
0.34838483,0.36935645,0.5468372,0.7097971,0.23494983,1
0.27936456,0.2930424,0.5900393,0.73893696,0.112336464,0
0.35629645,0.35194606,0.5900393,0.7663594,0.112379886,0
0.39217636,0.407673,0.495868,0.45169178,0.25295785,0
0.5036568,0.38385376,0.45004284,0.57916325,0.222636,0
0.36275476,0.35194606,0.5900393,0.761721,0.10955048,0
0.8323726,0.4005705,0.34550747,0.35315713,0.3129717,0
0.29636273,0.28148875,0.38398048,0.61379653,0.55666673,1
0.41409975,0.64412564,0.21011575,0.22491471,0.56986207,0
0.34327286,0.4418528,0.7515385,0.12742089,0.51757425,1
0.35320604,0.32672858,0.7544137,0.2144044,0.43108013,0
0.3826478,0.47609627,0.33880734,0.3292343,0.32937002,1
0.27399525,0.27469882,0.6423107,0.6188356,0.48257503,0
0.4349189,0.40653577,0.5831624,0.64069206,0.26134768,1
0.41944188,0.42086965,0.414964,0.22786342,0.2776593,0
0.32027873,0.366209,0.3486175,0.26007307,0.3341262,0
0.41449103,0.46907872,0.7094346,0.5884083,0.54263145,0
0.7885797,0.41732338,0.38178492,0.17153661,0.3094377,0
0.2714519,0.2688028,0.48217943,0.6963012,0.68910503,1
0.4643142,0.6507804,0.37770697,0.28416598,0.25887764,0
0.41022357,0.36638373,0.4430282,0.38099337,0.23735401,0
0.37668818,0.5702812,0.557121,0.45153108,0.42422363,1
0.28125978,0.29318076,0.5468372,0.8051869,0.20926048,1
0.48295954,0.3924722,0.59631586,0.79844487,0.25540704,0
0.3326354,0.64557755,0.4622623,0.43995795,0.24203698,0
0.44648257,0.44535235,0.2784631,0.33281058,0.3871025,0
0.35345274,0.52458686,0.4524727,0.5018219,0.22528104,0
0.34493628,0.52458686,0.3486175,0.50739366,0.3308927,1
0.8323726,0.34269536,0.34550747,0.5739936,0.31244412,1
0.48557293,0.41732338,0.4585196,0.17202829,0.20972049,0
0.55071604,0.36819988,0.48309347,0.26587337,0.2477996,0
0.292561,0.53353053,0.45161614,0.52133256,0.363939,0
0.78686315,0.27764013,0.32942393,0.32605678,0.35189378,0
0.4396098,0.49677423,0.41531348,0.46065044,0.3433794,0
0.29559553,0.32099724,0.5900393,0.8804733,0.09813193,1
0.41944188,0.31400618,0.414964,0.15632464,0.2776593,0
0.5461702,0.47015226,0.4931609,0.46414322,0.28160012,1
0.34933564,0.57968616,0.60620886,0.52563065,0.363939,0
0.39869776,0.39434132,0.655172,0.23223537,0.42431897,0
0.4740655,0.4005705,0.4430282,0.3563041,0.23720288,0
0.39961064,0.5575067,0.48242068,0.28261778,0.34978107,0
0.41449687,0.85373414,0.1820197,0.5092788,0.363939,0
0.61971396,0.34642377,0.4722171,0.43749115,0.38432804,0
0.78686315,0.26644787,0.35564852,0.32479075,0.3868017,0
0.3451084,0.38285592,0.91360515,0.13488542,0.45604977,1
0.3310218,0.36819988,0.48309347,0.2660308,0.24659443,0
0.59449035,0.4355927,0.3582066,0.27832192,0.2996248,0
0.40230012,0.36819988,0.5267883,0.2735145,0.25529847,0
0.32416046,0.43130678,0.5855375,0.18579872,0.363939,0
0.41944188,0.31673944,0.414964,0.14555044,0.2776593,0
0.45469302,0.50288653,0.4913716,0.50029373,0.20849389,0
0.41944188,0.3526844,0.414964,0.5523234,0.2776593,0
0.38055363,0.34247014,0.6561059,0.56536734,0.4725558,1
0.45334652,0.37661156,0.43519112,0.22059299,0.23896055,0
0.3237446,0.33385912,0.5639301,0.8239835,0.2359189,0
0.48237324,0.4651799,0.48250425,0.20507917,0.2279918,0
0.4262642,0.56694126,0.23295565,0.22348256,0.68015856,0
0.43222067,0.36819988,0.37770697,0.27009222,0.25894737,0
0.31880724,0.33480647,0.5639301,0.809451,0.23476002,0
0.70276237,0.35547012,0.33198693,0.3432961,0.34681967,0
0.3664885,0.3640201,0.5341183,0.22402377,0.17505203,0
0.33550653,0.5779486,0.5369677,0.32201523,0.18502393,0
0.32969025,0.3449525,0.495868,0.5937518,0.25249267,1
0.34317744,0.34399983,0.5466629,0.5706874,0.1990359,0
0.3137692,0.31307,0.48636612,0.669104,0.6672736,1
0.3142526,0.31482893,0.6545928,0.5330502,0.363939,1
0.4189547,0.43939784,0.5172816,0.16620646,0.29050204,1
0.36378205,0.4174923,0.6092429,0.66670537,0.363939,0
0.37355602,0.64750683,0.56739473,0.60217327,0.5366536,1
0.4065099,0.5193088,0.26028737,0.2773086,0.363939,0
0.2792594,0.31802297,0.7462818,0.7350315,0.55413616,1
0.34589112,0.48207766,0.4680702,0.4866133,0.4034643,0
0.6505955,0.4355927,0.3853671,0.27873513,0.30137542,0
0.54073393,0.4102789,0.386231,0.429991,0.353062,0
0.28544486,0.32235762,0.46518517,0.80591774,0.2776593,0
0.50883156,0.4105512,0.59176785,0.6402497,0.17783353,0
0.26478258,0.38684356,0.26098523,0.897464,0.363939,0
0.31225136,0.30501917,0.55817103,0.69150394,0.26671427,1
0.4122666,0.40133762,0.5900393,0.6180991,0.15964189,0
0.41380057,0.40133762,0.55817103,0.63173753,0.2776593,1
0.37253472,0.44053537,0.48250425,0.19676165,0.23015153,0
0.38773558,0.68739974,0.56466305,0.5393711,0.56044894,0
0.41944188,0.4780632,0.414964,0.4964886,0.2776593,1
0.36196816,0.2531327,0.28553662,0.28971612,0.38108665,0
0.41944188,0.44150925,0.414964,0.16809393,0.2776593,0
0.75553447,0.28352186,0.34167567,0.32588723,0.3811091,0
0.3401236,0.35150006,0.5369677,0.60122466,0.18767732,1
0.37570626,0.38568923,0.5017931,0.25582996,0.60388213,0
0.2685004,0.29972842,0.46518517,0.7926151,0.2776593,0
0.36503682,0.35238785,0.5900393,0.7749398,0.06567294,1
0.37443164,0.34399983,0.4430282,0.56657916,0.23787428,1
0.28559867,0.25385427,0.43152857,0.6967871,0.7059827,1
0.34438792,0.385289,0.49141365,0.5294377,0.20644215,0
0.43934226,0.56795794,0.5604646,0.6035602,0.5087457,1
0.31992885,0.27166817,0.5699548,0.4129834,0.363939,1
0.36198688,0.3159367,0.83172286,0.24024543,0.4870111,1
0.33719605,0.48603645,0.45085612,0.46909398,0.2440361,0
0.6261572,0.366209,0.5511703,0.25874594,0.2568318,0
0.34022802,0.34856197,0.5369677,0.6079398,0.18484664,1
0.36820245,0.34269536,0.5799017,0.5755778,0.19460185,0
0.34751946,0.36819988,0.52681935,0.27170783,0.2555583,0
0.56552017,0.34856197,0.45375633,0.6064614,0.29815835,0
0.5067321,0.36819988,0.3486175,0.26625982,0.31683186,0
0.40497887,0.72566843,0.69405633,0.54414505,0.363939,0
0.39887142,0.7871649,0.2123252,0.26149833,0.41504923,0
0.37686118,0.5256,0.51277405,0.2532231,0.24839681,0
0.43436304,0.5256,0.3486175,0.25343493,0.3167686,0
0.39327928,0.47496003,0.45129535,0.20036447,0.21944696,0
0.34765184,0.3283109,0.4510272,0.5757312,0.6997173,1
0.36472297,0.38743863,0.62728524,0.20095971,0.363939,0
0.3810616,0.30080304,0.44572276,0.12851499,0.24567254,0
0.36030126,0.3593054,0.5799017,0.15045293,0.19316688,1
0.4254074,0.48862275,0.24170251,0.51133597,0.601936,0
0.44532835,0.75263923,0.56524706,0.48256183,0.4116025,0
0.3777102,0.29766008,0.83873385,0.5255518,0.494324,1
0.34022802,0.36819988,0.5369677,0.27487814,0.18480061,1
0.4152284,0.48151752,0.4717851,0.24957088,0.2539949,0
0.27039057,0.29232368,0.46518517,0.8087498,0.2776593,1
0.31267592,0.297786,0.39813963,0.3712135,0.5925358,1
0.6810283,0.32851663,0.34409666,0.35011896,0.33353445,0
0.44824994,0.42855656,0.5339632,0.515704,0.363939,0
0.46120414,0.38782758,0.5562496,0.7632506,0.13698845,0
0.5737788,0.34655792,0.4143297,0.6051232,0.3041016,1
0.38403004,0.43565616,0.4622623,0.22956613,0.24221948,0
0.34448323,0.42618018,0.75261784,0.16628797,0.4042178,1
0.26560524,0.3421835,0.46518517,0.8299177,0.2776593,1
0.7242595,0.40251723,0.4131092,0.38460308,0.5025833,1
0.3668775,0.4780632,0.5369677,0.4972581,0.17890714,0
0.34061444,0.41824847,0.8056298,0.13124786,0.40840697,1
0.3520834,0.35386187,0.5944535,0.6147863,0.25536463,1
0.3829326,0.37777913,0.5468372,0.61236453,0.19625065,0
0.42459214,0.3323121,0.5799017,0.15220357,0.19562857,0
0.30500385,0.30294746,0.47460896,0.78504497,0.8084198,1
0.41944188,0.30080304,0.414964,0.12347641,0.2776593,0
0.41154802,0.48603645,0.3486175,0.47063312,0.32586074,0
0.35460538,0.44857955,0.4408108,0.34472755,0.23352061,0
0.29069233,0.25016797,0.45569408,0.74343723,0.71096903,1
0.48780963,0.4808095,0.4665389,0.5078832,0.4827539,1
0.40304187,0.43787995,0.53657234,0.46572286,0.41895095,0
0.41372585,0.34379262,0.5341183,0.60854715,0.17121704,0
0.43963158,0.5774039,0.22072692,0.22227277,0.6457363,0
0.41944188,0.43570277,0.414964,0.4775147,0.2776593,1
0.36129314,0.60154754,0.20746298,0.478908,0.4008647,0
0.32648647,0.43214816,0.620802,0.18130799,0.363939,0
0.33059937,0.35151178,0.52694017,0.7963571,0.24052508,1
0.41944188,0.30080304,0.414964,0.101525985,0.2776593,0
0.28665644,0.3421835,0.5900393,0.8178723,0.07831407,1
0.46055517,0.25409758,0.28328258,0.28910336,0.35167462,0
0.34243524,0.34102595,0.52341175,0.12555654,0.6616796,0
0.32416573,0.27869514,0.55941665,0.12673004,0.74667704,0
0.36366975,0.28257582,0.27918786,0.28542766,0.39865708,0
0.28013042,0.3435909,0.46518517,0.83458793,0.2776593,1
0.34968588,0.26534832,0.8564056,0.6976855,0.59482867,1
0.47495452,0.40062165,0.526978,0.48273826,0.363939,0
0.46335745,0.6871017,0.18789284,0.5225757,0.4510861,0
0.6497961,0.34269536,0.36839736,0.57238793,0.30142403,0
0.35530967,0.41683012,0.7698341,0.18592288,0.49351385,0
0.32969025,0.4005705,0.495868,0.35493144,0.25247714,0
0.32027873,0.366209,0.3486175,0.25848907,0.3306783,0
0.44793662,0.407673,0.50828844,0.45361593,0.24918254,0
0.48017627,0.36819988,0.50828844,0.26621518,0.24957353,0
0.34018445,0.45023042,0.7490817,0.13951696,0.5053766,0
0.38947958,0.8672292,0.21901982,0.4947615,0.44969067,0
0.41944188,0.36819988,0.414964,0.27465147,0.2776593,0
0.33318898,0.30080304,0.5341183,0.12668575,0.14355648,0
0.55616915,0.43899652,0.52140117,0.3823503,0.5264875,0
0.3136953,0.33605808,0.49823606,0.3722796,0.5395465,0
0.34683806,0.45738193,0.568664,0.5449156,0.363939,0
0.36843827,0.4005705,0.4995167,0.347622,0.23243982,0
0.34563166,0.618316,0.6788577,0.5511546,0.363939,0
0.38520536,0.51956284,0.6872804,0.46477968,0.37128025,1
0.39936483,0.5256,0.4341431,0.2531703,0.23948096,0
0.4308146,0.5188866,0.4430282,0.25177088,0.23688883,0
0.72353554,0.32299015,0.33359173,0.3535951,0.34880567,0
0.41467348,0.36819988,0.44138092,0.2728851,0.2515056,0
0.39943975,0.60688925,0.5424477,0.46775764,0.45874456,0
0.37898943,0.36374512,0.5900393,0.9196392,0.094717,1
0.34461457,0.33238536,0.82020575,0.25732082,0.51904804,0
0.38908345,0.3412031,0.44862583,0.5971824,0.22411296,1
0.40162724,0.35903552,0.3486175,0.48600128,0.31800655,0
0.31467104,0.30080304,0.5341183,0.1366498,0.16363564,0
0.34083176,0.36819988,0.45349416,0.2690668,0.24449797,0
0.44947702,0.6507804,0.41183102,0.2833309,0.26165313,0
0.41944188,0.58939624,0.414964,0.51850104,0.2776593,1
0.5015418,0.47747898,0.37848952,0.36794722,0.39702353,0
0.44287398,0.43565616,0.3486175,0.22953124,0.32130834,0
0.47018355,0.5833793,0.5138102,0.54087585,0.43176693,0
0.34131935,0.39220265,0.5944535,0.62934124,0.25630996,1
0.39961064,0.5575067,0.48242068,0.284878,0.3476402,0
0.3651557,0.30062613,0.38938224,0.5197112,0.500575,1
0.28794447,0.26714396,0.41181192,0.6379442,0.625312,0
0.45175865,0.366209,0.48309347,0.25639936,0.24770111,0
0.3196093,0.36819988,0.38627633,0.26725093,0.34068948,0
0.39620367,0.5256,0.51277405,0.25498274,0.24893045,0
0.438357,0.49795198,0.3486175,0.4793507,0.31909195,0
0.3770559,0.35238785,0.52694017,0.77538645,0.24346204,0
0.3551195,0.427884,0.42204782,0.1946363,0.21623519,0
0.87775445,0.38347057,0.43431538,0.620514,0.22087531,0
0.59449035,0.6507804,0.3582066,0.28530186,0.29960972,0
0.36454955,0.36819988,0.4734504,0.270085,0.25014687,0
0.3686871,0.32337227,0.66506857,0.5487129,0.5021917,0
0.3390853,0.33306426,0.50384164,0.5736565,0.6033025,0
0.3763185,0.31492352,0.46531904,0.5151021,0.48914638,1
0.7777304,0.13699216,0.33898234,0.28848988,0.35290354,0
0.34934774,0.48983124,0.27529085,0.28617328,0.38450375,0
0.42090547,0.7758485,0.60471183,0.52911,0.42811456,0
0.4878657,0.54845417,0.22408126,0.36938226,0.4895289,0
0.35138863,0.44857955,0.45509368,0.33978617,0.22108468,0
0.37825322,0.7261329,0.17393659,0.17552702,0.6195681,0
0.38436994,0.3263731,0.73294896,0.21915036,0.363939,0
0.32794723,0.53066635,0.21833248,0.4800088,0.43162498,0
0.35877466,0.44150925,0.42204782,0.16712599,0.21561024,0
0.34117547,0.4155715,0.28209198,0.32567465,0.3792814,0
0.3975514,0.46286312,0.52464163,0.48835492,0.4351485,0
0.307411,0.28259623,0.3476992,0.28931355,0.35436755,0
0.40842003,0.4005705,0.45004284,0.3489943,0.2217742,0
0.8323726,0.6163017,0.34550747,0.4455813,0.31280908,0
0.32986307,0.46524248,0.87606883,0.6599062,0.5050282,1
0.44123694,0.38713625,0.42180687,0.27763867,0.26033103,0
0.27835515,0.30169767,0.5468372,0.798885,0.21367528,0
0.8323726,0.36819988,0.34550747,0.26090816,0.3154094,0
0.34366828,0.42363018,0.89024234,0.14117251,0.4599578,1
0.37093595,0.44053537,0.48250425,0.19784273,0.22666109,0
0.39577717,0.56137955,0.23673122,0.23704731,0.46392596,0
0.36961988,0.49318802,0.6062203,0.20552453,0.591044,1
0.34264308,0.6538864,0.4408108,0.4406038,0.23446955,0
0.31100208,0.26498,0.806691,0.6420718,0.4571964,1
0.3708646,0.5256,0.44704384,0.25408837,0.23817813,0
0.34896982,0.44606212,0.6737183,0.5750335,0.363939,0
0.49524945,0.41522184,0.27748442,0.43917346,0.38425198,0
0.23738162,0.28992414,0.5900393,0.77152634,0.11623544,1
0.3555979,0.36085105,0.8061318,0.22187456,0.5179438,0
0.7189025,0.31862244,0.3339572,0.34313995,0.347699,0
0.3975514,0.4628491,0.52466077,0.48832762,0.4351163,0
0.3451084,0.38771623,0.88034594,0.14135979,0.50681716,1
0.38018918,0.47591195,0.5369677,0.51909447,0.18005882,0
0.32146797,0.25964722,0.383639,0.530104,0.63621646,0
0.41445768,0.4005705,0.48309347,0.3564346,0.24685168,0
0.3708646,0.37661156,0.4430282,0.22030072,0.23804642,1
0.40212157,0.29303575,0.5845082,0.7305247,0.6254712,1
0.41944188,0.47735253,0.414964,0.4945037,0.2776593,0
0.3846102,0.43542853,0.47765973,0.18623812,0.20714462,0
0.31978688,0.35903552,0.3486175,0.48631996,0.3264154,0
0.8263861,0.56394833,0.33863446,0.5171269,0.30659994,1
0.4491023,0.50346655,0.7619625,0.55375534,0.48602146,1
0.49287823,0.6127092,0.4445457,0.45060903,0.34858292,0
0.6514079,0.2668553,0.44575056,0.4324265,0.38197964,0
0.4166161,0.366209,0.5045726,0.2564751,0.24990197,1
0.52431923,0.36819988,0.3486175,0.27120098,0.32080692,0
0.42864677,0.4355927,0.4615954,0.2810989,0.26232767,0
0.39968604,0.28356335,0.43193856,0.5565034,0.41461536,1
0.3459499,0.4163589,0.5505423,0.16505755,0.19728543,0
0.43377483,0.44866258,0.26272953,0.33680785,0.4253165,0
0.41792968,0.385289,0.3834815,0.5290426,0.2132187,0
0.45449403,0.45793837,0.7199579,0.48421538,0.38024673,0
0.35499793,0.46030578,0.56527543,0.48217556,0.44804674,0
0.28678495,0.2522521,0.42110756,0.71049607,0.73947054,1
0.22456102,0.29253772,0.5900393,0.7752866,0.1069155,1
0.36295852,0.37107936,0.55817103,0.72140205,0.27271804,0
0.40501586,0.39009264,0.5900393,0.75589085,0.1487196,0
0.35198686,0.38357884,0.6606182,0.1740007,0.363939,0
0.30008054,0.32303694,0.5900393,0.9193511,0.07704247,1
0.31789914,0.34979755,0.5468372,0.6700454,0.1829571,1
0.45965967,0.64167,0.21854497,0.24176109,0.5129419,0
0.37493268,0.5726143,0.25241432,0.27139205,0.3921126,0
0.3392784,0.42270383,0.4408108,0.2260685,0.23517027,0
0.35182682,0.33491823,0.7859865,0.5833671,0.37433326,1
0.4199902,0.49338076,0.4180306,0.54212743,0.6335734,1
0.36536908,0.47531354,0.44572276,0.24801853,0.2463711,0
0.29071894,0.3311351,0.5468372,0.8076242,0.16887869,1
0.3802829,0.61929786,0.46202955,0.2927881,0.28411043,1
0.373617,0.6576856,0.6067025,0.5861647,0.54442936,1
0.37254724,0.35987335,0.5900393,0.9034204,0.1290504,1
0.36229733,0.52458686,0.48241776,0.5073572,0.23177114,0
0.2707063,0.33465397,0.4920837,0.6235534,0.26068994,0
0.30429655,0.34674624,0.5900393,0.8465087,0.13717695,1
0.41944188,0.34399983,0.414964,0.56696486,0.2776593,1
0.44319686,0.72078675,0.60833114,0.50888383,0.41841874,0
0.46547198,0.44857955,0.37770697,0.34112847,0.2588191,0
0.43714648,0.6251004,0.22348107,0.48321435,0.5737367,0
0.2671754,0.32037005,0.5272,0.6667005,0.25251177,0
0.41944188,0.41599715,0.414964,0.5451455,0.2776593,1
0.36843827,0.3696177,0.4995167,0.3611417,0.23250237,0
0.52577835,0.421194,0.5221235,0.5459875,0.39477205,1
0.4378071,0.40653577,0.55817103,0.65022755,0.26932582,0
0.41944188,0.34399983,0.414964,0.56690145,0.2776593,0
0.37905866,0.8593975,0.1870249,0.5605216,0.49624863,0
0.43375608,0.47044232,0.2347932,0.5329321,0.4916229,0
0.40786228,0.44150925,0.42594388,0.16895051,0.21659152,0
0.3401875,0.3546674,0.5341183,0.52517134,0.1429462,0
0.36245474,0.3471379,0.45509368,0.5630199,0.22041371,0
0.3249486,0.32924193,0.47687626,0.5381981,0.363939,0
0.39729816,0.4693074,0.27886334,0.32577026,0.38495442,0
0.29281586,0.3150581,0.5468372,0.722616,0.16812375,1
0.37063584,0.4355927,0.4869647,0.278928,0.25734302,0
0.39449874,0.3520094,0.5562496,0.7929944,0.07891313,0
0.3470506,0.41598624,0.8177205,0.57938814,0.36470187,0
0.39961064,0.5575067,0.48242068,0.2827351,0.34654486,0
0.41845903,0.40473667,0.52694017,0.66253203,0.24355724,0
0.282865,0.32303694,0.5900393,0.90876704,0.10428742,1
0.36129314,0.6034809,0.19103874,0.48385966,0.40364763,0
0.3702633,0.61929786,0.49141365,0.285789,0.20410787,0
0.32931533,0.3852358,0.46518517,0.6427252,0.2762834,0
0.49878392,0.52458686,0.3486175,0.5059794,0.3215659,0
0.32356617,0.32849917,0.47545883,0.5354727,0.363939,0
0.41944188,0.43866825,0.414964,0.18050705,0.2776593,0
0.36454955,0.30184776,0.4734504,0.38663462,0.25015563,0
0.41944188,0.30080304,0.414964,0.12099641,0.2776593,0
0.33477557,0.44150925,0.5341183,0.16721453,0.168398,0
0.32436615,0.38183644,0.8702705,0.6224201,0.4279771,1
0.35243368,0.61929786,0.5369677,0.29233673,0.18093874,0
0.37812492,0.43497398,0.5941077,0.78409404,0.363939,0
0.36454955,0.4005705,0.4734504,0.34615353,0.25016612,0
0.39961064,0.5575067,0.48242068,0.28558946,0.34961542,0
0.3310218,0.5313196,0.48309347,0.46661544,0.24659514,0
0.36552292,0.34460023,0.32931706,0.5656495,0.48863474,1
0.37520322,0.6042118,0.6180716,0.53157014,0.56179255,0
0.39327928,0.4222206,0.45129535,0.18842529,0.21944508,0
0.34775037,0.29186308,0.5419758,0.5956297,0.52864736,1
0.39961064,0.5575067,0.48242068,0.285847,0.3500464,0
0.4906686,0.5972313,0.4498109,0.46153978,0.34694794,0
0.5784692,0.37756658,0.47919863,0.4440132,0.3899,0
0.3599533,0.4789436,0.6097318,0.51565427,0.42528775,0
0.44192493,0.5443875,0.45463833,0.28248188,0.26223004,0
0.3551195,0.34399983,0.42204782,0.57045513,0.2159844,1
0.51592684,0.33159202,0.3486175,0.35290933,0.31912187,0
0.4663354,0.5859507,0.36803594,0.44885427,0.29908296,1
0.38169104,0.36819988,0.45349416,0.2657472,0.24557288,0
0.40477556,0.43076873,0.5517747,0.51919514,0.43316624,0
0.5095575,0.33913514,0.51950526,0.5392046,0.27308875,1
0.30866075,0.50288653,0.3486175,0.5006643,0.32078204,0
0.33599383,0.34655792,0.5341183,0.6036727,0.16919263,0
0.3927585,0.5837527,0.55222285,0.1996091,0.4741307,0
0.2757081,0.28833738,0.5468372,0.7706345,0.23118243,0
0.44184408,0.78021497,0.22013505,0.46791184,0.41290632,0
0.6684145,0.36434808,0.35803026,0.35221612,0.34530288,0
0.2882278,0.28183335,0.46518517,0.77126986,0.2776593,1
0.36966127,0.3692402,0.5900393,0.7489467,0.08406735,1
0.35948887,0.2943018,0.6424225,0.6096631,0.55386376,1
0.5722978,0.366209,0.48250425,0.25663757,0.22731782,0
0.41944188,0.30130333,0.414964,0.21490602,0.2776593,0
0.34366828,0.40669,0.75067466,0.14565454,0.48626393,0
0.45312628,0.44522735,0.5799017,0.24139234,0.1950446,0
0.30900514,0.3163043,0.85113096,0.69594043,0.649636,1
0.31137916,0.36969334,0.9010267,0.6212721,0.51692355,1
0.33332625,0.37152475,0.5468372,0.6184962,0.16734423,1
0.36569566,0.45797342,0.8430226,0.21570425,0.4127309,0
0.36015797,0.48740637,0.61844605,0.57062685,0.6336982,1
0.38337472,0.47939843,0.49955064,0.5941466,0.79672587,1
0.28771156,0.27046043,0.74625784,0.68158257,0.45373473,0
0.41944188,0.366209,0.414964,0.2586684,0.2776593,0
0.4026771,0.72866493,0.18837617,0.5257201,0.35611975,0
0.28030077,0.33482033,0.5468372,0.8377514,0.1737765,0
0.41031826,0.58970886,0.59432673,0.22441456,0.41226456,0
0.46519667,0.50221336,0.5610456,0.48391008,0.70877063,1
0.4906686,0.5972313,0.4498109,0.46012482,0.34830067,0
0.41944188,0.44857955,0.414964,0.3400188,0.2776593,0
0.35150036,0.5697303,0.45349416,0.42361316,0.24479377,0
0.43369222,0.26740664,0.4605751,0.4663161,0.45764983,1
0.6491646,0.40566203,0.448194,0.43286502,0.38616782,0
0.3330775,0.36819988,0.5341183,0.2731145,0.15475874,1
0.41944188,0.4282275,0.414964,0.45131058,0.2776593,0
0.29156703,0.33280802,0.46518517,0.8107649,0.2776593,1
0.32601863,0.39848682,0.3486175,0.483032,0.324528,0
0.3387462,0.4355927,0.5369677,0.27887738,0.17779629,0
0.7458107,0.13937971,0.3433815,0.28702518,0.3804679,0
0.44083995,0.24680121,0.28553438,0.28762043,0.38140315,0
0.413616,0.40133762,0.46518517,0.63004184,0.28925917,0
0.41944188,0.3471379,0.414964,0.5622424,0.2776593,1
0.4251832,0.50288653,0.3486175,0.49951956,0.32889462,0
0.32544243,0.4847858,0.6042908,0.5642703,0.363939,0
0.36946175,0.35903552,0.5466629,0.49164233,0.20001374,0
0.48950434,0.40395,0.52339184,0.6237065,0.24003114,1
0.4643142,0.36819988,0.37770697,0.27529442,0.25885937,0
0.45697552,0.69567484,0.197576,0.5417173,0.48520225,1
0.49607694,0.45670542,0.47529888,0.43987387,0.3812674,0
0.3672671,0.2942005,0.7644575,0.709116,0.42230234,1
0.37652212,0.40204868,0.49688256,0.25564468,0.47335345,0
0.2840736,0.2930424,0.5272,0.7415852,0.24682035,0
0.37301886,0.4139552,0.48250425,0.58553696,0.22647889,1
0.36096084,0.27796507,0.59034663,0.47840694,0.43826708,1
0.4320508,0.7939869,0.61516213,0.5138543,0.363939,0
0.41944188,0.36246866,0.414964,0.5462485,0.2776593,0
0.41944188,0.3819949,0.414964,0.57761925,0.2776593,0
0.27953878,0.29232368,0.5639301,0.8089586,0.23707807,1
0.41944188,0.4280172,0.414964,0.19140778,0.2776593,0
0.35214117,0.44857955,0.495868,0.34345862,0.25257334,0
0.41944188,0.37236798,0.414964,0.14901774,0.2776593,0
0.32926255,0.2699716,0.6443557,0.051322717,0.85695606,1
0.41944188,0.34269536,0.414964,0.57257235,0.2776593,0
0.3076605,0.36819988,0.5341183,0.26600838,-0.0335119,0
0.36333355,0.37059912,0.5900393,0.83089834,0.088921584,0
0.53193593,0.43397108,0.49666274,0.45488468,0.39360657,0
0.41944188,0.37236798,0.414964,0.14935972,0.2776593,0
0.40260205,0.285835,0.57073486,0.73546714,0.74269813,1
0.38773558,0.6936135,0.17797177,0.55317545,0.5567717,0
0.36757648,0.32236055,0.38547823,0.6151956,0.53851765,1
0.35786486,0.3397932,0.5900393,0.7935321,0.11915458,0
0.43369222,0.26740664,0.4605751,0.4663161,0.45764983,1
0.4270422,0.8116765,0.6156497,0.5158504,0.363939,0
0.4011452,0.38934058,0.4408108,0.21664707,0.2341109,0
0.31588268,0.39848682,0.49141365,0.4827661,0.20363504,0
0.4674002,0.517435,0.25296548,0.35391307,0.4040651,0
0.4140358,0.48151752,0.4341431,0.2495067,0.2401407,0
0.374767,0.44345692,0.8284271,0.0977677,0.65719295,1
0.31880304,0.30373558,0.396701,0.37174493,0.6031393,1
0.36854386,0.36819988,0.4717851,0.2720574,0.25335187,0
0.2775594,0.30169767,0.5468372,0.7883964,0.2012021,0
0.62655675,0.3949999,0.50667274,0.72227603,0.14576711,0
0.3535715,0.5808078,0.4341431,0.42891765,0.23945622,0
0.36225206,0.34342548,0.48250425,0.5567203,0.22779207,1
0.8323726,0.36819988,0.34550747,0.2690659,0.31400692,0
0.55508846,0.42046344,0.41461775,0.58335215,0.29651818,0
0.8411234,0.3599069,0.36618873,0.3589439,0.47420546,0
0.34939554,0.31420597,0.46926653,0.46463957,0.49048126,0
0.2877235,0.26850742,0.7424008,0.7038375,0.455409,0
0.41467348,0.44522735,0.44138092,0.24110855,0.25150388,0
0.3927585,0.55863994,0.77199817,0.20895208,0.50049,0
0.37919813,0.4850312,0.61529034,0.24464741,0.4014862,0
0.3999736,0.38149142,0.8185608,0.14720567,0.38111958,1
0.41944188,0.4780632,0.414964,0.49711332,0.2776593,1
0.4242676,0.30987838,0.656365,0.4129834,0.363939,0
0.36083248,0.38623643,0.5802947,0.8113961,0.363939,0
0.40960833,0.6884189,0.71847653,0.5658753,0.363939,0
0.49083906,0.5991409,0.4498109,0.45791903,0.34729248,0
0.5190858,0.42722502,0.45123047,0.33272472,0.38934606,0
0.3446905,0.36819988,0.5341183,0.2686214,0.14131638,0
0.52176356,0.55078423,0.3041346,0.32954955,0.34895122,0
0.42002982,0.44857955,0.4408108,0.336393,0.23620103,0
0.41944188,0.39848682,0.414964,0.481683,0.2776593,0
0.5167188,0.3819949,0.44042075,0.5771995,0.26928368,0
0.35316557,0.3761588,0.44572276,0.45716003,0.24625622,0
0.3592487,0.37777913,0.5468372,0.61562556,0.22467895,1
0.36366975,0.28245154,0.27922526,0.28545278,0.3985022,0
0.32756606,0.2463073,0.5019792,0.106611244,0.8714604,0
0.49835235,0.3269425,0.4852614,0.51645195,0.363939,0
0.5456117,0.3989133,0.39252463,0.44280288,0.3933027,0
0.31588268,0.52458686,0.49141365,0.5036027,0.20354114,0
0.33593017,0.40581357,0.7039508,0.13278629,0.363939,0
0.44956324,0.39848682,0.45004284,0.48065105,0.22194806,0
0.42181203,0.7225957,0.2185914,0.25414333,0.363939,0
0.40018508,0.3457043,0.3970722,0.2114438,0.21289444,0
0.37453502,0.385289,0.5369677,0.5286769,0.18628995,1
0.32601863,0.39848682,0.3486175,0.48151922,0.33476582,0
0.4242736,0.40133762,0.41298586,0.6142195,0.30300164,1
0.2853091,0.32303694,0.5900393,0.91695243,0.09261852,1
0.45558178,0.4907585,0.26235843,0.34881645,0.40481156,0
0.34625277,0.36819988,0.5369677,0.2670163,0.18544859,0
0.38621363,0.5356356,0.22696017,0.27109092,0.40366736,0
0.44192493,0.336945,0.45463833,0.3900446,0.26214737,0
0.38379407,0.336945,0.45129535,0.4038152,0.21908918,0
0.38528112,0.4648376,0.5428002,0.54254496,0.8237211,1
0.7885797,0.4280172,0.38178492,0.19177021,0.30951852,1
0.32456067,0.47735253,0.3486175,0.4940419,0.3254699,0
0.42222488,0.40597385,0.5831624,0.6800553,0.2612883,1
0.3623512,0.37444475,0.44981468,0.8254203,0.363939,1
0.45704144,0.35903552,0.5369677,0.48765972,0.1885913,0
0.31714636,0.42086965,0.5341183,0.22637433,0.15566325,1
0.36370566,0.566156,0.21554004,0.24564375,0.363939,0
0.5203469,0.4128397,0.5562496,0.66744286,0.13203958,0
0.34190893,0.49472272,0.58791924,0.25328687,0.3968097,0
0.412955,0.42815584,0.5468372,0.7058233,0.17440721,0
0.3767325,0.4060063,0.48435643,0.33586285,0.67371637,1
0.40387315,0.336945,0.45129535,0.40138474,0.21920738,0
0.32193115,0.3434392,0.48968357,0.4837834,0.6185769,0
0.3696362,0.45543534,0.5871086,0.4834423,0.8390248,1
0.51110256,0.4282275,0.45375633,0.45154825,0.2980827,1
0.38975486,0.42709488,0.45129535,0.19558762,0.21953712,0
0.33316088,0.37866098,0.5341183,0.20615737,0.14855753,0
0.33882377,0.45161685,0.5986695,0.1306474,0.363939,0
0.27084455,0.31547195,0.4920837,0.7161305,0.2564818,0
0.29610407,0.27977815,0.55987275,0.14240853,0.363939,1
0.3716777,0.44670996,0.45349416,0.25541675,0.24494663,0
0.34412035,0.3593054,0.5341183,0.15138818,0.172434,0
0.33979708,0.3683393,0.5639301,0.61842155,0.23576273,1
0.3445276,0.34399983,0.49141365,0.5691887,0.20641124,0
0.41944188,0.4231039,0.414964,0.17004575,0.2776593,0
0.41944188,0.37866098,0.414964,0.20697458,0.2776593,0
0.36511052,0.52299315,0.2519107,0.27755514,0.39401668,0
0.34594843,0.3761588,0.5341183,0.45710564,0.130668,0
0.3592838,0.566615,0.4341431,0.5181169,0.24072568,0
0.6078878,0.12821087,0.28527457,0.2905935,0.38050053,0
0.38403004,0.366209,0.4622623,0.25894043,0.24213076,0
0.33436385,0.452687,0.3486175,0.48551485,0.33003798,0
0.35316557,0.47531354,0.44572276,0.24803229,0.24631761,0
0.39436966,0.8573221,0.21443178,0.24488023,0.4274807,0
0.32992718,0.61929786,0.5341183,0.29630905,0.054460473,0
0.34139544,0.366209,0.45085612,0.25800157,0.24394017,0
0.273189,0.29972842,0.5468372,0.78646755,0.2137312,0
0.39961064,0.5575067,0.48242068,0.28621197,0.35049605,0
0.34689862,0.4231039,0.5466629,0.17025091,0.1995185,0
0.41944188,0.36121917,0.414964,0.15920411,0.2776593,0
0.35521892,0.3811796,0.5369677,0.24326661,0.18172231,0
0.33076692,0.39904934,0.70766044,0.18055005,0.363939,0
0.32812765,0.37236798,0.5466629,0.14748706,0.20171446,0
0.33404645,0.5265419,0.7016172,0.19307815,0.4433924,0
0.32781973,0.3085225,0.5715593,0.066633545,0.363939,0
0.4863746,0.49624062,0.57476306,0.3210744,0.68174744,0
0.40591413,0.6121137,0.54721355,0.5210056,0.51298994,0
0.307411,0.28895548,0.27915338,0.28669766,0.3521611,0
0.36030176,0.33500966,0.5063818,0.76183647,0.6650796,0
0.45312628,0.36819988,0.5799017,0.2716961,0.19504705,0
0.48634103,0.4005705,0.4622623,0.34875372,0.24351698,0
0.34934774,0.50390935,0.2347654,0.27099222,0.363939,0
0.42740995,0.5027244,0.2389165,0.5050238,0.5342682,0
0.35490465,0.39977416,0.85946214,0.581221,0.43930534,1
0.32058904,0.41829726,0.5378759,0.19816576,0.363939,0
0.50482583,0.5137742,0.5128741,0.55842173,0.53035426,0
0.3600101,0.30080304,0.5799017,0.12656157,0.19336775,0
0.3342619,0.29800272,0.5651416,0.55778784,0.89245814,1
0.39586115,0.5664697,0.2105477,0.4949117,0.363939,0
0.46808958,0.42615965,0.4622623,0.41475788,0.24304762,0
0.42898813,0.36819988,0.50828844,0.26039732,0.24926522,0
0.3246883,0.30080304,0.5341183,0.11531361,0.16773061,0
0.75553447,0.28989366,0.28151762,0.34487033,0.39020368,0
0.3701951,0.48603645,0.4341431,0.46939692,0.24028537,0
0.4000157,0.4122709,0.3834815,0.18309043,0.21343325,0
0.29586142,0.4444446,0.9124483,0.6881251,0.5035706,1
0.29075667,0.36095965,0.7838858,0.62322026,0.3975303,0
0.35368913,0.5027086,0.63283056,0.23971221,0.41772878,0
0.4752506,0.43832734,0.33933946,0.33301646,0.3847669,0
0.39961064,0.5575067,0.48242068,0.28531036,0.3484781,0
0.5718814,0.4128397,0.4189431,0.6697847,0.166178,0
0.45925248,0.36819988,0.495868,0.27403995,0.25205436,0
0.29072604,0.29361382,0.41771492,0.6489344,0.69497824,0
0.31448478,0.3783476,0.46518517,0.65349996,0.27652356,1
0.2900804,0.2571123,0.5952347,0.6953098,0.89790916,1
0.6088058,0.40888378,0.49531755,0.39470685,0.47257736,1
0.39258993,0.5256,0.51277405,0.2542995,0.24877732,0
0.3761592,0.39519402,0.58634406,0.7161216,0.363939,0
0.53319436,0.32104316,0.60471755,0.32136795,0.363939,1
0.3702633,0.4231039,0.49141365,0.16912423,0.20394005,0
0.36399913,0.38385376,0.45833617,0.57838243,0.21810214,0
0.30910218,0.27131224,0.37149894,0.41916418,0.6133487,0
0.2941972,0.28993198,0.5211933,0.15967067,0.363939,1
0.7482873,0.36819988,0.34550747,0.2687176,0.31626543,0
0.34694108,0.42270383,0.3486175,0.2249046,0.32954547,0
0.46243042,0.36819988,0.44138092,0.26922876,0.2508056,0
0.3309799,0.44522735,0.5341183,0.24005654,0.12883875,0
0.36677536,0.57858664,0.4445457,0.4481567,0.34911227,0
0.6633841,0.36819988,0.35968536,0.2737981,0.3089538,0
0.64346784,0.39836445,0.4004937,0.4010397,0.37364373,0
0.34869993,0.3323121,0.5341183,0.15293403,0.14177653,1
0.3282914,0.34436616,0.3609495,0.3066077,0.62100506,0
0.41438058,0.48398903,0.43491882,0.5132034,0.61833453,1
0.34765184,0.32759517,0.42590436,0.57205266,0.69801843,1
0.28025123,0.28833738,0.5468372,0.7749983,0.20612723,0
0.3138623,0.3499418,0.70225626,0.1607091,0.36253968,1
0.31905597,0.23703776,0.50133497,0.18112217,0.363939,0
0.34483543,0.44857955,0.48508576,0.3443803,0.25417325,0
0.3216182,0.48603645,0.3486175,0.46887907,0.32411587,0
0.37724078,0.56116396,0.20067842,0.49314678,0.363939,0
0.31438908,0.21968332,0.54441774,0.2775998,0.363939,1
0.2803654,0.3447288,0.5468372,0.85191876,0.16860995,1
0.35433474,0.61170864,0.5992249,0.5093804,0.42019552,0
0.39202413,0.48283502,0.6196348,0.5312428,0.44285485,0
0.3196093,0.36819988,0.3486175,0.2625771,0.3365026,0
0.41944188,0.3593054,0.414964,0.15013932,0.2776593,0
0.41944188,0.5387246,0.414964,0.4764996,0.2776593,1
0.36137637,0.3266385,0.50919586,0.65162784,0.69385105,0
0.3533801,0.37995386,0.7218277,0.596491,0.38481855,1
0.38034594,0.49848258,0.2431102,0.4598101,0.39805946,0
0.37509328,0.42064172,0.5468372,0.6629606,0.18804446,0
0.8323726,0.33318266,0.34550747,0.55984217,0.3160627,0
0.3721394,0.28844053,0.7345296,0.68275136,0.42058435,0
0.39402223,0.39188558,0.3834815,0.24470869,0.21355347,1
0.51445466,0.38027075,0.35948044,0.36468855,0.34535292,0
0.39117336,0.4258362,0.50200313,0.22940274,0.41797656,0
0.8323726,0.36819988,0.34550747,0.26736498,0.31465718,0
0.3107427,0.34158418,0.5341183,0.53709584,0.109832205,1
0.31171855,0.3226473,0.5468372,0.77190304,0.1679453,1
0.34751946,0.4005705,0.52681935,0.35439116,0.25555816,0
0.4308146,0.4780632,0.4430282,0.4967829,0.2367676,0
0.41944188,0.41539776,0.414964,0.48377326,0.2776593,1
0.350323,0.4909476,0.48250425,0.4653485,0.22884324,0
0.5799894,0.14161542,0.28676698,0.43432915,0.35170826,0
0.63546777,0.26338768,0.3471493,0.33271262,0.46238816,0
0.29243788,0.36436805,0.78876626,0.62531507,0.3915449,0
0.43093616,0.5291228,0.51470286,0.34033784,0.43858072,0
0.4298606,0.43137985,0.3970722,0.18731292,0.21230212,0
0.4549278,0.48727658,0.4205273,0.46881163,0.39836878,0
0.5722978,0.35282323,0.48250425,0.5507669,0.2273273,0
0.34754926,0.49171597,0.45260316,0.4737237,0.22471476,0
0.33449626,0.49171597,0.3486175,0.4729291,0.33298832,0
0.37774992,0.34192386,0.49857566,0.68974066,0.80976576,0
0.29572445,0.30616134,0.4989271,0.13326313,0.363939,1
0.3512407,0.4280172,0.4524727,0.19139676,0.22509526,0
0.36035502,0.5049891,0.59116226,0.516386,0.43847302,1
0.7831776,0.34820542,0.33710885,0.33932596,0.33181763,1
0.2882689,0.27039167,0.65537894,0.83554566,0.50220037,0
0.35150036,0.44522735,0.45349416,0.23945463,0.24473654,0
0.39670607,0.2512234,0.5436952,0.10700547,0.363939,0
0.32073185,0.43267566,0.5466629,0.18196268,0.20143318,0
0.35845146,0.42395717,0.25433204,0.23230407,0.4733796,0
0.73569566,0.28561947,0.4553202,0.022765834,0.363939,1
0.5244909,0.35929337,0.4490002,0.43890774,0.3907451,0
0.46520495,0.36819988,0.48309347,0.26405114,0.24805212,0
0.3549996,0.36819988,0.44138092,0.26589993,0.2511339,0
0.27499092,0.3247375,0.5468372,0.8777319,0.15962449,1
0.44620648,0.5132142,0.7517158,0.47906184,0.45443964,1
0.39586115,0.5681963,0.19671322,0.49186033,0.363939,0
0.33453947,0.5443875,0.5341183,0.2825155,0.11676318,1
0.33849713,0.5316936,0.44097698,0.51548094,0.363939,0
0.33248731,0.48603645,0.3486175,0.47121534,0.3326071,0
0.40174878,0.57533216,0.59241325,0.64646506,0.363939,0
0.31557494,0.3811796,0.3486175,0.24169584,0.3262155,0
0.41944188,0.366209,0.414964,0.2602679,0.2776593,0
0.47865152,0.4657332,0.4622623,0.5094361,0.24333781,0
0.32812765,0.47015226,0.5466629,0.46212038,0.20175083,0
0.3444922,0.44522735,0.48250425,0.2400506,0.22941758,0
0.3846444,0.31706163,0.33953422,0.35773173,0.32347855,0
0.5405328,0.3924722,0.5562496,0.8236115,0.15318313,0
0.3533279,0.64557755,0.5341183,0.4400917,0.16689946,1
0.34142184,0.30139992,0.38005695,0.5593129,0.5223179,1
0.4464151,0.5828098,0.21985792,0.48783958,0.5098535,0
0.41944188,0.30080304,0.414964,0.12926657,0.2776593,0
0.3060112,0.30731398,0.55817103,0.6788958,0.27166933,1
0.27304557,0.2930424,0.5468372,0.75350124,0.14820062,0
0.3786153,0.37372652,0.5562496,0.82007843,0.06313706,0
0.42407042,0.29397902,0.79026955,0.7326623,0.46641168,1
0.3879568,0.5313196,0.45509368,0.46822816,0.2202843,0
0.42147788,0.5313196,0.4415533,0.467527,0.21034631,0
0.35110366,0.31532466,0.562567,0.58943045,0.7259804,1
0.43721205,0.4642557,0.7556583,0.45934233,0.37820965,0
0.31218857,0.24174936,0.48892236,0.16975455,0.363939,0
0.3551195,0.3546674,0.42204782,0.52501607,0.21602798,0
0.37865546,0.45582673,0.3907341,0.23704062,0.21172261,0
0.31499773,0.30080304,0.5341183,0.12874763,0.10278603,1
0.42696851,0.75921774,0.22400863,0.4813681,0.43221745,0
0.41944188,0.43866825,0.414964,0.1794395,0.2776593,0
0.36135596,0.32915285,0.53266025,0.71916896,0.7472517,1
0.38597998,0.4122709,0.45833617,0.18356006,0.2175616,0
0.42147788,0.37314212,0.4415533,0.5913781,0.21005613,1
0.33590698,0.36819988,0.48309347,0.26314268,0.24653246,0
0.41944188,0.36819988,0.414964,0.26581535,0.2776593,0
0.34934774,0.4887849,0.2487926,0.28284228,0.3826446,0
0.37885618,0.42691866,0.5900393,0.66531193,0.13478714,0
0.72353554,0.32299015,0.33359173,0.3534666,0.34875464,0
0.35720855,0.45828667,0.48736417,0.23184784,0.23293693,0
0.32891297,0.3811796,0.48250425,0.24310665,0.22936164,0
0.3860998,0.60937214,0.20710199,0.47164646,0.3862512,0
0.41944188,0.4780632,0.414964,0.49621767,0.2776593,0
0.31767812,0.2839888,0.2689386,0.058586616,0.5366439,1
0.3810616,0.48151752,0.44572276,0.24905734,0.24566692,0
0.46225128,0.40821084,0.48792303,0.39370185,0.6662993,1
0.2793023,0.30169767,0.46518517,0.7977618,0.2776593,0
0.41944188,0.4355927,0.414964,0.28174493,0.2776593,0
0.31493643,0.2769851,0.6326334,0.4129834,0.363939,0
0.41606498,0.4605266,0.5170158,0.53029,0.6233484,0
0.26378882,0.31547195,0.5272,0.69619244,0.24444492,1
0.36841086,0.36638373,0.4995167,0.36883238,0.23266213,0
0.4184926,0.7146203,0.65867245,0.60273725,0.363939,0
0.367563,0.38689974,0.5900393,0.85374355,0.065640755,0
0.3694752,0.35858807,0.4408108,0.22133969,0.23571946,0
0.33190453,0.46913213,0.8745854,0.6646809,0.5256014,1
0.41792968,0.44150925,0.3834815,0.16831605,0.21322216,1
0.39430058,0.48975042,0.45833617,0.51146865,0.21770942,0
0.34689862,0.45582673,0.5466629,0.23659071,0.19956969,1
0.7300112,0.42230615,0.39058393,0.17664011,0.30311424,1
0.36421534,0.3397932,0.5900393,0.7880631,0.13554154,1
0.37024638,0.30080304,0.5341183,0.107539795,0.15634874,1
0.3568758,0.3476424,0.8110839,0.28056204,0.49326077,0
0.45790827,0.36819988,0.48309347,0.26458782,0.24746686,0
0.5785456,0.3949999,0.41597998,0.727157,0.20110546,1
0.41942778,0.46157125,0.5305346,0.4665475,0.4174649,0
0.27221555,0.28992414,0.46518517,0.75964427,0.2776593,1
0.8729453,0.5256,0.35364074,0.25389913,0.3102549,0
0.449364,0.47264224,0.5730331,0.50320554,0.4624349,0
0.3899698,0.366209,0.5341183,0.25724944,0.17188641,0
0.36586723,0.3457043,0.48076212,0.2110116,0.23067108,0
0.3171094,0.24237859,0.50139946,0.18345557,0.363939,0
0.40383703,0.513138,0.24852575,0.4675872,0.42918012,0
0.4990966,0.4299957,0.2467656,0.3797002,0.39288324,0
0.45283917,0.56394833,0.45004284,0.5169225,0.2219633,1
0.37612194,0.30130333,0.42620444,0.21486172,0.2771839,1
0.28751886,0.34173754,0.41672704,0.73521787,0.65970916,1
0.37443155,0.36819988,0.52681935,0.27002898,0.25618067,0
0.3566624,0.44522735,0.5341183,0.24036834,0.1379795,0
0.429673,0.3441639,0.68014,0.29720652,0.363939,0
0.41223592,0.36819988,0.3486175,0.2645365,0.326531,0
0.34616,0.30549034,0.64655226,0.6927953,0.76467943,1
0.39402223,0.30080304,0.3834815,0.13398488,0.21355174,0
0.3860998,0.6090935,0.20715727,0.4715521,0.38619182,0
0.38379407,0.42046344,0.45129535,0.5824288,0.21908242,0
0.37488997,0.36819988,0.47765973,0.27317306,0.2077372,0
0.45219088,0.45037317,0.274935,0.33505324,0.3903804,0
0.41944188,0.5256,0.414964,0.25389007,0.2776593,0
0.454476,0.49735147,0.4549753,0.43604037,0.346415,0
0.43792498,0.37866098,0.44862583,0.20741455,0.22306293,0
0.38498265,0.42691866,0.5468372,0.67499936,0.18306956,1
0.4628317,0.34342548,0.45038393,0.5543885,0.24363446,1
0.32430533,0.30186057,0.2798868,0.28931937,0.37833863,0
0.3477033,0.5188866,0.3486175,0.2516812,0.32604897,0
0.35449675,0.4005705,0.5505423,0.350021,0.1977791,0
0.38175195,0.5386916,0.26288396,0.2832734,0.38778412,0
0.37456334,0.36246866,0.3834815,0.5469457,0.21401219,1
0.3553249,0.36418277,0.54782,0.83121395,0.363939,0
0.33447012,0.3696177,0.5466629,0.36526045,0.20098928,1
0.38786432,0.28631774,0.7480442,0.26690313,0.44562674,0
0.33816648,0.385289,0.48736417,0.5281612,0.23335236,0
0.30997506,0.36452723,0.77618,0.12819324,0.363939,0
0.41464075,0.39046463,0.5369677,0.16049834,0.18384002,0
0.39514142,0.6465569,0.629533,0.5612148,0.49937224,1
0.3452538,0.4710917,0.89404553,0.15515731,0.51429176,1
0.35772157,0.36094898,0.5900393,0.812197,0.08652214,1
0.38976225,0.38124767,0.8257868,0.178535,0.36922336,1
0.31541044,0.26402542,0.5667328,0.4129834,0.363939,1
0.41944188,0.35903552,0.414964,0.49067998,0.2776593,1
0.37679902,0.82625836,0.20390044,0.4865551,0.46748802,0
0.37997252,0.3569407,0.7228893,0.6560461,0.363939,1
0.35073203,0.5256,0.3486175,0.25402835,0.34304276,0
0.5815137,0.2696871,0.35739544,0.28638604,0.38157126,0
0.41944188,0.3457446,0.414964,0.13976659,0.2776593,0
0.34018445,0.4382165,0.7393845,0.1666515,0.46684623,0
0.3380634,0.36638373,0.45349416,0.3716531,0.24491744,0
0.30039507,0.30501917,0.5468372,0.6881545,0.14582835,1
0.66485965,0.3323121,0.36480442,0.15286027,0.29875124,0
0.58507466,0.4355927,0.37290293,0.27948853,0.30235383,0
0.58507466,0.36819988,0.37290293,0.2756243,0.30236435,0
0.3761991,0.23322824,0.7806599,0.58743507,0.38471097,1
0.7554838,0.14352846,0.28433532,0.4382411,0.37978873,0
0.3427196,0.36819988,0.4734504,0.26736245,0.25031725,0
0.33902296,0.27898976,0.514612,0.18323885,0.363939,0
0.34489357,0.46589112,0.48984593,0.7003569,0.78092504,1
0.35243368,0.42270383,0.5369677,0.22440335,0.18105507,1
0.3429464,0.42086965,0.4408108,0.22736488,0.23545069,0
0.4035154,0.42551726,0.49983,0.5448232,0.45913586,1
0.3980628,0.40078992,0.63552666,0.50580937,0.422099,1
0.41944188,0.35282323,0.414964,0.5498797,0.2776593,0
0.5894079,0.2774689,0.6495148,0.32074252,0.44927335,1
0.40641785,0.7768722,0.22607084,0.36907008,0.37315366,0
0.41579592,0.4222206,0.44042075,0.18855454,0.26902455,1
0.38773558,0.68067056,0.5690482,0.52536905,0.53847003,1
0.34694716,0.47531354,0.4408108,0.24742259,0.23428476,0
0.4152284,0.39575493,0.4717851,0.35817063,0.2539745,0
0.6526504,0.35150006,0.35858744,0.60210586,0.3080749,0
0.36153224,0.33784464,0.48981866,0.632853,0.74095887,0
0.41408998,0.3323121,0.5341183,0.15319918,0.1717025,1
0.62849116,0.419323,0.45913944,0.4476231,0.39004737,0
0.3549996,0.3811796,0.44138092,0.24257523,0.25121757,0
0.3521405,0.35189766,0.5270338,0.73933893,0.363939,0
0.76664686,0.13463831,0.33759165,0.28816903,0.37807593,0
0.29792166,0.32816127,0.46518517,0.84047467,0.2776593,1
0.41966137,0.6163017,0.38550153,0.44412783,0.33091557,0
0.48962098,0.27685997,0.5940752,0.2546006,0.363939,1
0.3031647,0.3447288,0.46518517,0.86335367,0.2776593,1
0.41944188,0.4139552,0.414964,0.58697104,0.2776593,1
0.41944188,0.3640201,0.414964,0.22300376,0.2776593,0
0.34718743,0.4005705,0.42142156,0.3481592,0.25981537,0
0.32394484,0.26540425,0.6499967,0.67554617,0.4808158,0
0.31588268,0.36121917,0.49141365,0.15781192,0.20340468,0
0.41824833,0.4355927,0.4717851,0.27829444,0.2540736,0
0.5815442,0.34514812,0.36111206,0.35234156,0.34171823,0
0.40842003,0.4222206,0.45004284,0.18833853,0.22175868,0
0.35514942,0.4005705,0.3834815,0.35012728,0.21462175,0
0.46901327,0.35262117,0.3486175,0.37147415,0.31781244,0
0.4152559,0.4005705,0.45129535,0.3542829,0.21881136,0
0.5078383,0.5779486,0.33214235,0.3226571,0.323873,1
0.38116226,0.62398905,0.20982443,0.47652382,0.4292382,0
0.4849346,0.5447839,0.36533582,0.40675125,0.34888348,0
0.35394475,0.67931557,0.55167055,0.62332803,0.50377595,1
0.346739,0.25463447,0.4507838,0.5016227,0.5406886,1
0.41944188,0.3327926,0.414964,0.53630215,0.2776593,1
0.37732047,0.35150006,0.5341183,0.60122377,0.17625836,0
0.41944188,0.36819988,0.414964,0.26506305,0.2776593,0
0.38532397,0.36819988,0.495868,0.2620903,0.253132,0
0.37306458,0.454885,0.83130836,0.21753459,0.40956184,0
0.4018616,0.5466873,0.5929674,0.48603183,0.363939,0
0.36273625,0.36094898,0.5900393,0.8087999,0.097256504,0
0.36369544,0.3811796,0.4341431,0.24151292,0.24070081,1
0.3807842,0.40473667,0.5900393,0.6582996,0.15098199,0
0.39583197,0.384827,0.589291,0.44523007,0.40432683,1
0.373617,0.6577469,0.6067272,0.5862171,0.54448587,1
0.41944188,0.385289,0.414964,0.53053963,0.2776593,1
0.23487346,0.31399578,0.69139206,0.6954184,0.48221827,1
0.39258993,0.36819988,0.51277405,0.27066016,0.24860044,0
0.3277719,0.38185495,0.6263674,0.12696682,0.91460025,1
0.356877,0.3696177,0.5341183,0.3623528,0.16280705,0
0.36386088,0.48393294,0.9234138,0.1399958,0.57339954,0
0.5292698,0.427884,0.48250425,0.19488771,0.22737461,0
0.41944188,0.3449525,0.414964,0.5927555,0.2776593,1
0.8021305,0.13228428,0.33437902,0.32597435,0.3777351,0
0.35676473,0.34399983,0.5341183,0.5703405,0.15223709,0
0.41108453,0.36246866,0.5341183,0.54574853,0.15796834,0
0.46808958,0.366209,0.4622623,0.25762904,0.24315244,0
0.42695493,0.43866825,0.49141365,0.18032159,0.20480442,1
0.4141045,0.8268964,0.19167413,0.51656383,0.44355187,0
0.62514514,0.44202378,0.3493367,0.39500636,0.35000613,0
0.3522007,0.37391564,0.72047365,0.62034786,0.40680748,1
0.38298064,0.32392624,0.339484,0.36105424,0.32983378,0
0.32969025,0.36819988,0.495868,0.26757953,0.25246158,0
0.3755563,0.34662545,0.49758723,0.6870356,0.62383735,0
0.44532835,0.74751395,0.5577383,0.48499012,0.4125211,0
0.31720614,0.24951279,0.41969144,0.53832555,0.6692396,0
0.44793662,0.36819988,0.51277405,0.26505274,0.2490347,0
0.3172574,0.31338924,0.45802072,0.4148779,0.6164528,0
0.3038992,0.31012556,0.4586498,0.8240043,0.8947339,1
0.32891297,0.33318266,0.48250425,0.5589445,0.22930786,0
0.3310218,0.46409756,0.48309347,0.45914185,0.2467191,0
0.45306465,0.52406013,0.4549753,0.42901996,0.33955994,0
0.41944188,0.26433036,0.414964,0.04583763,0.2776593,1
0.45031118,0.3327926,0.4585196,0.53681946,0.2092494,0
0.37661907,0.3828865,0.7038911,0.6539016,0.363939,0
0.3697386,0.6507804,0.41499007,0.28481796,0.26356435,0
0.7458107,0.15034196,0.33751443,0.28750944,0.38222915,0
0.44163433,0.42142108,0.44042075,0.54314184,0.26911947,0
0.34062558,0.4384777,0.80089104,0.174507,0.46079212,1
0.41322517,0.36850753,0.52085704,0.78219914,0.363939,1
0.33436385,0.452687,0.3486175,0.48576576,0.3299248,0
0.3458961,0.409449,0.59703684,0.54335785,0.363939,0
0.46808958,0.3761588,0.4622623,0.45711792,0.24321443,0
0.4942659,0.5873112,0.33635208,0.3113887,0.31660336,1
0.41944188,0.42230615,0.414964,0.17650889,0.2776593,0
0.3833964,0.4005705,0.45349416,0.34971318,0.24556397,0
0.31194246,0.29233,0.6336771,0.54407215,0.363939,1
0.35345778,0.34721333,0.42204782,0.20967382,0.21589324,0
0.3519426,0.82186234,0.2237833,0.48148,0.48962006,0
0.5339075,0.36819988,0.48309347,0.26191875,0.24722916,0
0.33531633,0.36121917,0.49141365,0.15960415,0.20631632,0
0.31726947,0.32908446,0.46518517,0.73182523,0.2776593,1
0.32777303,0.36351728,0.38401476,0.32902572,0.64285153,1
0.36609438,0.39188558,0.4717851,0.24456644,0.25349826,0
0.41944188,0.42086965,0.414964,0.22710766,0.2776593,0
0.26823643,0.29232368,0.46518517,0.80825275,0.2776593,0
0.7458107,0.13865352,0.34151056,0.28737205,0.3795418,0
0.37440267,0.50288653,0.45349416,0.49753106,0.24511172,0
0.3702633,0.47735253,0.49141365,0.49308515,0.20405264,0
0.41834426,0.36930272,0.5468372,0.76761407,0.22576909,1
0.37595966,0.39267322,0.7445196,0.60605556,0.4541237,1
0.35845432,0.35209665,0.67415005,0.5894742,0.4729646,1
0.3262985,0.47496003,0.5341183,0.19965012,0.094684355,0
0.42107627,0.43565616,0.3907341,0.22938247,0.21052189,1
0.37115183,0.8214871,0.23057483,0.48166022,0.4724747,0
0.41944188,0.40366146,0.414964,0.53992164,0.2776593,1
0.5501662,0.39188558,0.3486175,0.24490808,0.31815913,0
0.35353798,0.40397796,0.62034184,0.21555294,0.36677903,1
0.34853715,0.504988,0.26176617,0.43778235,0.38770014,0
0.39165202,0.47015226,0.48250425,0.4629204,0.2267823,0
0.4071707,0.37314212,0.5341183,0.5906688,0.1582466,0
0.43641573,0.47496003,0.47765973,0.20043823,0.20733127,0
0.38143164,0.44522735,0.5341183,0.2396229,0.17632781,0
0.70276237,0.35547012,0.33198693,0.34844714,0.34818864,0
0.6328393,0.36819988,0.3486175,0.2710714,0.32522988,0
0.3171607,0.29233268,0.42728218,0.49566275,0.56378394,0
0.44300845,0.47669432,0.41982573,0.33026752,0.2613412,0
0.36399913,0.39188558,0.45833617,0.24455959,0.21801844,0
0.37000695,0.48603645,0.4995167,0.46919087,0.23272109,0
0.41944188,0.36121917,0.414964,0.15955748,0.2776593,0
0.5339075,0.336945,0.48309347,0.39084318,0.24731141,0
0.36398703,0.35238785,0.5900393,0.7711567,0.10573492,1
0.41944188,0.36819988,0.414964,0.26338884,0.2776593,1
0.41944188,0.35150006,0.414964,0.59953856,0.2776593,1
0.29891288,0.3372562,0.5468372,0.92661047,0.2081131,1
0.3734746,0.37168276,0.47501564,0.80137026,0.363939,0
0.6491646,0.40400034,0.44270784,0.43444538,0.39032692,0
0.58559674,0.29011637,0.36426365,0.28839803,0.3862118,0
0.45911983,0.4355927,0.55258024,0.27841952,0.25660977,0
0.36085525,0.3974394,0.55817103,0.6552613,0.26369277,1
0.33641323,0.48642007,0.3486175,0.47975215,0.33355588,0
0.33986816,0.46922594,0.54897463,0.5946612,0.5992521,0
0.4004945,0.35223022,0.52694017,0.7780846,0.24333291,0
0.38084942,0.39726496,0.5900393,0.71933943,0.14168277,0
0.5689765,0.49648854,0.4656312,0.3915127,0.4815158,1
0.42598188,0.3857519,0.5468372,0.76072216,0.19620362,1
0.30627468,0.39188558,0.5341183,0.2445554,0.12357784,0
0.37701634,0.3546674,0.49141365,0.5252113,0.20653619,1
